Player,Team,Year,Games,Receiving,Blocking,Chances,Advance att.,Sum,RRAA,BRAA,FRAA,TRAA,SumR,dWAR,w.Receiving,w.Blocking,w.Chances,w.CS,Runs/Game,w.RRAA,w.BRAA,w.FRAA,w.TRAA,w.SumR,w.dWAR,sum d.WAR
A.J. Ellis,LAD,2014,79,6158,3288,809,130,10385,-14.8,-0.9,0,-0.8,-16.5,-2.93,0.593,0.3166,0.0779,0.0125,-0.2089,-8.776,-0.2849,0,-0.0623,-9.12,-1.67,-4.08
A.J. Ellis,LAD,2013,109,8145,4405,931,150,13631,-7.9,-2,0,1.9,-8,-1.42,0.5975,0.3232,0.0683,0.011,-0.0734,-4.7205,-0.6463,0,0.1298,-5.24,-0.94,
A.J. Ellis,LAD,2012,128,9770,5278,1100,202,16350,-14.7,0.2,2,3.2,-9.3,-1.65,0.5976,0.3228,0.0673,0.0124,-0.0727,-8.784,0.0646,0.159266055,0.2153,-8.34,-1.47,
A.J. Pierzynski,ATL,2016,59,4706,2620,484,120,7930,-6.8,-3.7,-6,-0.5,-17,-2.91,0.5934,0.3304,0.061,0.0151,-0.2881,-4.0354,-1.2224,-0.457,-0.0305,-5.75,-0.98,-4.71
A.J. Pierzynski,ATL,2015,104,7553,4272,775,162,12762,-9.7,-1.3,-13,-1,-25,-4.44,0.5918,0.3347,0.0607,0.0127,-0.2404,-5.7408,-0.4352,-0.9545,-0.0607,-7.19,-1.28,
A.J. Pierzynski,TEX,2013,111,8331,4547,959,168,14005,-12.8,1.2,-3,0.7,-13.9,-2.47,0.5949,0.3247,0.0685,0.012,-0.1252,-7.6142,0.3896,-0.2414,0.0479,-7.42,-1.34,
A.J. Pierzynski,CHW,2012,121,9473,4933,976,216,15598,-7.6,-4.3,-5,0,-16.9,-3,0.6073,0.3163,0.0626,0.0138,-0.1397,-4.6156,-1.3599,-0.382100269,0,-6.36,-1.12,
Alex Avila,DET,2014,98,8971,5016,940,165,15092,-7,3.6,5,2.6,4.2,0.75,0.5944,0.3324,0.0623,0.0109,0.0429,-4.1609,1.1965,0.3661,0.1619,-2.44,-0.45,0.45
Alex Avila,DET,2013,96,7260,3934,850,174,12218,4.7,-2.6,-4,-1.5,-3.4,-0.6,0.5942,0.322,0.0696,0.0142,-0.0354,2.7928,-0.8372,-0.3352,-0.1044,1.52,0.27,
Alex Avila,DET,2012,107,7987,4436,960,193,13576,5.2,-0.2,6,0.9,11.9,2.11,0.5883,0.3268,0.0707,0.0142,0.1112,3.0593,-0.0654,0.509575722,0.0636,3.57,0.63,
Blake Swihart,BOS,2015,78,6022,3365,612,157,10156,-1.8,-3.5,-16,0.2,-21.1,-3.75,0.5929,0.3313,0.0603,0.0155,-0.2705,-1.0673,-1.1597,-1.2115,0.0121,-3.43,-0.61,-0.61
Brayan Pena,CIN,2015,84,6320,3433,715,114,10582,-10.1,0.4,-5,-2,-16.7,-2.97,0.5972,0.3244,0.0676,0.0108,-0.1988,-6.0321,0.1298,-0.3917,-0.1351,-6.43,-1.14,-1.14
Brian McCann,NYY,2016,86,6503,3612,813,118,11046,5.7,2.7,-5,-0.5,2.9,0.5,0.5887,0.327,0.0736,0.0107,0.0337,3.3557,0.8829,-0.4214,-0.0368,3.78,0.65,5.6
Brian McCann,NYY,2015,119,8965,5129,1056,180,15330,-2.5,0.7,-4,1.2,-4.6,-0.82,0.5848,0.3346,0.0689,0.0117,-0.0387,-1.462,0.2342,-0.3225,0.0827,-1.47,-0.26,
Brian McCann,NYY,2014,89,7698,4292,923,147,13060,11.4,1.6,2,1.9,16.9,3,0.5894,0.3286,0.0707,0.0113,0.1899,6.7195,0.5258,0.1639,0.1343,7.54,1.38,
Brian McCann,ATL,2013,91,6476,3572,767,107,10922,9.9,2,-2,-0.7,9.2,1.63,0.5929,0.327,0.0702,0.0098,0.1011,5.87,0.6541,-0.16,-0.0492,6.31,1.14,
Brian McCann,ATL,2012,113,8546,4592,898,171,14207,23.5,4,-1,-0.3,26.2,4.66,0.6015,0.3232,0.0632,0.012,0.2319,14.1361,1.2929,-0.075244598,-0.019,15.33,2.69,
Buster Posey,SFG,2016,122,8968,4830,1071,129,14998,26.8,2,23,2.2,54,9.24,0.5979,0.322,0.0714,0.0086,0.4426,16.025,0.6441,1.8402,0.1571,18.67,3.19,11.11
Buster Posey,SFG,2015,103,7275,3872,840,107,12094,15.2,2,17,0.9,35.1,6.24,0.6015,0.3202,0.0695,0.0088,0.3408,9.1434,0.6403,1.3312,0.0625,11.18,1.99,
Buster Posey,SFG,2014,86,7360,3911,843,140,12254,17.7,1.1,-4,0.4,15.2,2.7,0.6006,0.3192,0.0688,0.0114,0.1767,10.631,0.3511,-0.3209,0.0275,10.69,1.96,
Buster Posey,SFG,2013,119,8776,4815,967,155,14713,11.3,1.3,4,0.6,17.2,3.06,0.5965,0.3273,0.0657,0.0105,0.1445,6.7402,0.4254,0.305,0.0394,7.51,1.35,
Buster Posey,SFG,2012,111,8255,4476,932,188,13851,23.3,2.8,0,1.3,27.4,4.87,0.596,0.3232,0.0673,0.0136,0.2468,13.8865,0.9048,0,0.0875,14.88,2.61,
Caleb Joseph,BAL,2015,93,6750,3669,797,110,11326,6.9,0.4,12,1.1,20.4,3.62,0.596,0.3239,0.0704,0.0097,0.2194,4.1122,0.1296,0.961,0.0774,5.28,0.94,2.22
Caleb Joseph,BAL,2014,69,5725,2989,585,102,9401,10.7,-0.7,8,2.2,20.2,3.59,0.609,0.3179,0.0622,0.0108,0.2928,6.5161,-0.2226,0.5846,0.1369,7.02,1.29,
Cameron Rupp,PHI,2016,104,7924,4470,874,133,13401,-1.2,0.6,-10,-0.9,-11.5,-1.97,0.5913,0.3336,0.0652,0.0099,-0.1106,-0.7096,0.2001,-0.7514,-0.0587,-1.32,-0.23,-0.19
Cameron Rupp,PHI,2015,79,5450,3052,582,116,9200,-0.7,0.3,6,0.8,6.4,1.14,0.5924,0.3317,0.0633,0.0126,0.081,-0.4147,0.0995,0.4552,0.0506,0.19,0.03,
Carlos Perez,LAA,2016,76,5924,3385,617,101,10027,-3.8,1.3,8,1.5,7,1.2,0.5908,0.3376,0.0615,0.0101,0.0921,-2.2451,0.4389,0.5729,0.0923,-1.14,-0.2,-0.51
Carlos Perez,LAA,2015,75,5342,2955,621,133,9051,-2.8,-0.7,0,1.2,-2.3,-0.41,0.5902,0.3265,0.0686,0.0147,-0.0307,-1.6526,-0.2285,0,0.0823,-1.8,-0.32,
Carlos Ruiz,PHI,2014,104,8290,4735,925,167,14117,-10.3,3.9,8,0.5,2.1,0.37,0.5872,0.3354,0.0655,0.0118,0.0202,-6.0485,1.3081,0.6188,0.0328,-4.09,-0.75,-0.55
Carlos Ruiz,PHI,2013,83,6569,3904,704,123,11300,-6.6,2.5,3,-0.5,-1.6,-0.28,0.5813,0.3455,0.0623,0.0109,-0.0193,-3.8368,0.8637,0.2196,-0.0312,-2.78,-0.5,
Carlos Ruiz,PHI,2012,95,7345,4146,935,149,12575,5,2,3,2.4,12.4,2.2,0.5841,0.3297,0.0744,0.0118,0.1305,2.9205,0.6594,0.25860835,0.1784,4.02,0.71,
Carlos Santana,CLE,2013,81,6796,3896,731,141,11564,-8.6,-3,-12,-0.7,-24.3,-4.32,0.5877,0.3369,0.0632,0.0122,-0.3,-5.0541,-1.0107,-0.9049,-0.0442,-7.01,-1.26,-3.95
Carlos Santana,CLE,2012,95,7808,4262,763,193,13026,-23.8,-2.2,-5,0.9,-30.1,-5.35,0.5994,0.3272,0.0586,0.0148,-0.3168,-14.2661,-0.7198,-0.366958391,0.0527,-15.3,-2.69,
Chris Iannetta,SEA,2016,86,6656,3709,769,133,11267,-12.3,-1.4,-10,0.8,-22.9,-3.92,0.5908,0.3292,0.0683,0.0118,-0.2663,-7.2662,-0.4609,-0.8006,0.0546,-8.47,-1.45,-2.95
Chris Iannetta,LAA,2015,80,6157,3234,671,115,10177,14.4,-0.8,7,-0.6,20,3.55,0.605,0.3178,0.0659,0.0113,0.25,8.7119,-0.2542,0.5406,-0.0396,8.96,1.59,
Chris Iannetta,LAA,2014,80,7616,4148,782,163,12709,-5.3,-0.9,-10,0.2,-16,-2.84,0.5993,0.3264,0.0615,0.0128,-0.2,-3.1761,-0.2937,-0.7436,0.0123,-4.2,-0.77,
Chris Iannetta,LAA,2013,102,8102,4678,781,200,13761,-15.3,-0.4,-7,-1.8,-24.5,-4.35,0.5888,0.3399,0.0568,0.0145,-0.2402,-9.0081,-0.136,-0.499,-0.1022,-9.75,-1.76,
Chris Iannetta,LAA,2012,71,5363,2679,532,112,8686,-4.8,-0.8,0,0.2,-5.4,-0.96,0.6174,0.3084,0.0612,0.0129,-0.0761,-2.9637,-0.2467,0,0.0122,-3.2,-0.56,
Chris Snyder,HOU,2012,67,5298,2878,540,130,8846,8.1,-2.7,-3,-0.3,2.1,0.37,0.5989,0.3253,0.061,0.0147,0.0313,4.8512,-0.8784,-0.227221343,-0.0183,3.73,0.65,2.94
Chris Stewart,NYY,2013,98,7455,4328,798,131,12712,21.7,2,-10,0.4,14.1,2.51,0.5865,0.3405,0.0628,0.0103,0.1439,12.726,0.6809,-0.7308,0.0251,12.7,2.29,
Christian Vazquez,BOS,2016,49,3779,2086,450,62,6377,3.6,-0.8,5,-0.1,7.7,1.32,0.5926,0.3271,0.0706,0.0097,0.1571,2.1334,-0.2617,0.4014,-0.0071,2.27,0.39,0.39
Curtis Casali,TBR,2016,62,4953,2793,579,82,8407,3.4,-1.3,11,0.9,14,2.4,0.5892,0.3322,0.0689,0.0098,0.2258,2.0031,-0.4319,0.8649,0.062,2.5,0.43,0.43
David Ross,CHC,2016,50,3734,1958,486,114,6292,8.7,2.1,13,-0.4,23.4,4,0.5935,0.3112,0.0772,0.0181,0.468,5.163,0.6535,1.2397,-0.0309,7.03,1.2,1.2
Derek Norris,SDP,2016,113,8853,5030,942,185,15010,5.7,0.2,14,-3.5,16.4,2.81,0.5898,0.3351,0.0628,0.0123,0.1451,3.3619,0.067,1.0512,-0.2197,4.26,0.73,2.47
Derek Norris,SDP,2015,116,9064,4971,1056,226,15317,12.3,1.9,6,2,22.2,3.94,0.5918,0.3245,0.0689,0.0148,0.1914,7.2787,0.6166,0.5022,0.1379,8.54,1.52,
Derek Norris,OAK,2014,83,6935,3725,794,142,11596,-2.2,-1.4,-3,-1.7,-8.3,-1.47,0.5981,0.3212,0.0685,0.0122,-0.1,-1.3157,-0.4497,-0.2422,-0.1164,-2.12,-0.39,
Derek Norris,OAK,2013,71,5553,2982,595,94,9224,7.1,-1.3,-6,0.2,0,0,0.602,0.3233,0.0645,0.0102,0,4.2743,-0.4203,-0.4482,0.0129,3.42,0.62,
Devin Mesoraco,CIN,2014,99,7772,4192,890,130,12984,-8.1,1.6,2,-0.6,-5.1,-0.91,0.5986,0.3229,0.0685,0.01,-0.0515,-4.8485,0.5166,0.1571,-0.0411,-4.22,-0.77,-1.13
Devin Mesoraco,CIN,2013,84,6643,3508,728,120,10999,-4,1.5,-1,0.1,-3.4,-0.6,0.604,0.3189,0.0662,0.0109,-0.0405,-2.4159,0.4784,-0.0771,0.0066,-2.01,-0.36,
Dioner Navarro,CHW,2016,80,6139,3622,682,108,10551,-15,-0.8,-14,-0.6,-30.4,-5.2,0.5818,0.3433,0.0646,0.0102,-0.38,-8.7276,-0.2746,-1.0482,-0.0388,-10.09,-1.73,-3.84
Dioner Navarro,TOR,2014,90,8003,4394,820,137,13354,-20,1.3,1,-0.6,-18.3,-3.25,0.5993,0.329,0.0614,0.0103,-0.2033,-11.9859,0.4278,0.0717,-0.0368,-11.52,-2.11,
Evan Gattis,ATL,2014,81,6594,3745,777,152,11268,-1.1,1.9,-4,-1.5,-4.7,-0.84,0.5852,0.3324,0.069,0.0135,-0.058,-0.6437,0.6315,-0.3298,-0.1034,-0.45,-0.08,-0.08
Francisco Cervelli,PIT,2016,94,7036,4035,771,158,12000,9.9,-1.9,6,-2.4,11.6,1.99,0.5863,0.3363,0.0643,0.0132,0.1234,5.8047,-0.6389,0.4645,-0.1542,5.48,0.94,3.73
Francisco Cervelli,PIT,2015,124,8749,4902,1081,228,14960,26.7,-1.3,8,-2.6,30.8,5.47,0.5848,0.3277,0.0723,0.0152,0.2484,15.6149,-0.426,0.7,-0.1879,15.7,2.79,
Hank Conger,LAA,2014,56,5666,3017,643,139,9465,21.3,0,1,-1.3,21,3.73,0.5986,0.3188,0.0679,0.0147,0.375,12.7507,0,0.0826,-0.0883,12.75,2.34,4.2
Hank Conger,LAA,2013,60,4990,2891,517,136,8534,18.1,-0.7,0,-0.1,17.3,3.07,0.5847,0.3388,0.0606,0.0159,0.2883,10.5834,-0.2371,0,-0.0061,10.34,1.86,
J.P. Arencibia,TOR,2013,115,9467,5220,951,178,15816,14.9,-2.4,1,0.3,13.8,2.45,0.5986,0.33,0.0601,0.0113,0.12,8.9187,-0.7921,0.0714,0.018,8.22,1.48,0.8
J.P. Arencibia,TOR,2012,91,7299,4149,683,145,12276,-8.1,2,3,1.1,-2,-0.36,0.5946,0.338,0.0556,0.0118,-0.022,-4.8161,0.676,0.202346041,0.0612,-3.88,-0.68,
J.T. Realmuto,MIA,2016,124,10075,5882,1159,195,17311,-15.7,1.8,-13,2.1,-24.8,-4.24,0.582,0.3398,0.067,0.0113,-0.2,-9.1374,0.6116,-1.0168,0.1406,-9.4,-1.61,-3.14
J.T. Realmuto,MIA,2015,116,8483,4503,888,135,14009,-14.6,-0.2,4,0.2,-10.6,-1.88,0.6055,0.3214,0.0634,0.0096,-0.0914,-8.8409,-0.0643,0.2921,0.0127,-8.6,-1.53,
James McCann,DET,2016,96,7056,3774,804,123,11757,-2.6,1.1,9,3.6,11.1,1.9,0.6002,0.321,0.0684,0.0105,0.1156,-1.5604,0.3531,0.7096,0.2462,-0.25,-0.04,-1.73
James McCann,DET,2015,103,7937,4186,777,149,13049,-15.6,0.9,-6,1.8,-18.9,-3.36,0.6082,0.3208,0.0595,0.0114,-0.1835,-9.4886,0.2887,-0.4258,0.1072,-9.52,-1.69,
Jarrod Saltalamacchia,MIA,2014,95,7627,4284,801,169,12881,-24.4,-1.5,-8,-2.6,-36.5,-6.49,0.5921,0.3326,0.0622,0.0131,-0.3842,-14.4475,-0.4989,-0.6024,-0.1617,-15.71,-2.88,-2.48
Jarrod Saltalamacchia,BOS,2013,111,8597,5008,960,188,14753,-2.9,0.8,-6,-1.2,-9.3,-1.65,0.5827,0.3395,0.0651,0.0127,-0.0838,-1.6899,0.2716,-0.4669,-0.0781,-1.96,-0.35,
Jarrod Saltalamacchia,BOS,2012,95,7664,4272,763,145,12844,7.3,1.2,-5,-1.7,1.8,0.32,0.5967,0.3326,0.0594,0.0113,0.0189,4.3559,0.3991,-0.353472438,-0.101,4.3,0.76,
Jason Castro,HOU,2016,102,8154,4615,922,153,13844,12.8,0,4,-0.9,15.9,2.72,0.589,0.3334,0.0666,0.0111,0.1559,7.5391,0,0.3106,-0.0599,7.79,1.33,2.84
Jason Castro,HOU,2015,102,7287,3959,840,140,12226,12.9,-1,11,1,23.9,4.25,0.596,0.3238,0.0687,0.0115,0.2343,7.6887,-0.3238,0.8817,0.0687,8.32,1.48,
Jason Castro,HOU,2014,102,8655,4747,826,185,14413,9,2.2,2,-1.6,11.6,2.06,0.6005,0.3294,0.0573,0.0128,0.1137,5.4045,0.7246,0.1403,-0.0917,6.18,1.13,
Jason Castro,HOU,2013,95,7705,4285,679,150,12819,-3.9,-1.4,2,-0.1,-3.4,-0.6,0.6011,0.3343,0.053,0.0117,-0.0358,-2.3441,-0.468,0.1293,-0.0053,-2.69,-0.48,
Jason Castro,HOU,2012,73,5854,3340,571,147,9912,-2.8,-5.2,0,-2.3,-10.3,-1.83,0.5906,0.337,0.0576,0.0148,-0.1411,-1.6537,-1.7522,0,-0.1325,-3.54,-0.62,
Jeff Mathis,MIA,2013,70,4904,2598,551,97,8150,-1.7,-0.7,5,0.6,3.2,0.57,0.6017,0.3188,0.0676,0.0119,0.0457,-1.0229,-0.2231,0.3975,0.0406,-0.81,-0.15,-0.15
Jesus Flores,WAS,2012,75,5938,3330,704,124,10096,1.6,0.7,2,-1.9,2.4,0.43,0.5882,0.3298,0.0697,0.0123,0.032,0.941,0.2309,0.164025357,-0.1325,1.2,0.21,0.21
Joe Mauer,MIN,2013,73,5714,3061,527,68,9370,-0.1,0.2,5,1,6.1,1.08,0.6098,0.3267,0.0562,0.0073,0.0836,-0.061,0.0653,0.3175,0.0562,0.38,0.07,-0.14
Joe Mauer,MIN,2012,72,5373,2894,453,102,8822,-0.7,-0.8,-6,-1.9,-9.4,-1.67,0.609,0.328,0.0513,0.0116,-0.1306,-0.4263,-0.2624,-0.377465427,-0.0976,-1.16,-0.2,
John Buck,NYM,2013,101,7121,4064,791,118,12094,-21.4,0.2,-7,-0.2,-28.4,-5.05,0.5888,0.336,0.0654,0.0098,-0.2812,-12.6004,0.0672,-0.5261,-0.0131,-13.07,-2.35,-2.5
John Buck,MIA,2012,103,7793,4284,779,128,12984,-2.6,1.7,2,0.3,1.4,0.25,0.6002,0.3299,0.06,0.0099,0.0136,-1.5605,0.5609,0.139710413,0.018,-0.84,-0.15,
Jonathan Lucroy,MIL,2016,121,9243,5277,999,138,15657,4.9,1.8,4,4.4,15.1,2.58,0.5903,0.337,0.0638,0.0088,0.1248,2.8927,0.6067,0.2905,0.2807,4.07,0.7,10.31
Jonathan Lucroy,MIL,2015,86,6329,3514,688,163,10694,7.3,0.6,3,-1,9.9,1.76,0.5918,0.3286,0.0643,0.0152,0.1151,4.3203,0.1972,0.2387,-0.0643,4.69,0.83,
Jonathan Lucroy,MIL,2014,120,10064,5235,1082,177,16558,22.1,5.2,11,-1.5,36.8,6.54,0.6078,0.3162,0.0653,0.0107,0.3067,13.4324,1.644,0.8364,-0.098,15.81,2.9,
Jonathan Lucroy,MIL,2013,122,9445,5168,921,186,15720,29.7,3,-2,-1.9,28.8,5.12,0.6008,0.3288,0.0586,0.0118,0.2361,17.8446,0.9863,-0.1408,-0.1113,18.58,3.35,
Jonathan Lucroy,MIL,2012,80,6910,4066,755,151,11882,22.9,2.8,4,-2,27.7,4.92,0.5816,0.3422,0.0635,0.0127,0.3463,13.3175,0.9582,0.304999158,-0.1271,14.45,2.54,
Jose Lobaton,TBR,2013,76,6350,3437,686,142,10615,0,1.5,-4,-1.7,-4.2,-0.75,0.5982,0.3238,0.0646,0.0134,-0.0553,0,0.4857,-0.312,-0.1099,0.06,0.01,0.01
Jose Molina,TBR,2014,47,5455,3095,691,114,9355,16.9,-2.3,-8,-0.2,6.4,1.14,0.5831,0.3308,0.0739,0.0122,0.1362,9.8546,-0.7609,-0.6884,-0.0148,8.39,1.54,6
Jose Molina,TBR,2013,87,6303,3372,712,144,10531,18.6,-2.1,-2,0.2,14.7,2.61,0.5985,0.3202,0.0676,0.0137,0.169,11.1324,-0.6724,-0.1626,0.0135,10.31,1.86,
Jose Molina,TBR,2012,80,6144,3214,702,124,10184,26.1,-2.8,-1,0.6,22.9,4.07,0.6033,0.3156,0.0689,0.0122,0.2863,15.7461,-0.8837,-0.08110762,0.0414,14.82,2.6,
Josh Thole,NYM,2012,90,6835,3780,746,138,11499,6.8,2.6,4,-1.2,12.2,2.17,0.5944,0.3287,0.0649,0.012,0.1356,4.0419,0.8547,0.307505,-0.0779,5.13,0.9,0.9
Kevin Pawecki,NYM,2015,66,4478,2422,585,71,7556,10,0.4,16,-0.3,26.1,4.64,0.5926,0.3205,0.0774,0.0094,0.3955,5.9264,0.1282,1.3891,-0.0232,7.42,1.32,1.32
Kurt Suzuki,MIN,2016,92,7352,4245,712,128,12437,-5,1.6,-12,-2.5,-17.9,-3.06,0.5911,0.3413,0.0572,0.0103,-0.1946,-2.9557,0.5461,-0.8105,-0.1431,-3.36,-0.58,-5.47
Kurt Suzuki,MIN,2015,123,8812,4749,863,168,14592,-1.1,1,-9,-3.6,-12.7,-2.26,0.6039,0.3255,0.0591,0.0115,-0.1033,-0.6643,0.3255,-0.6359,-0.2129,-1.19,-0.21,
Kurt Suzuki,MIN,2014,112,8106,4485,780,137,13508,-19.8,1.2,-5,-0.9,-24.5,-4.35,0.6001,0.332,0.0577,0.0101,-0.2188,-11.8818,0.3984,-0.3394,-0.052,-11.87,-2.18,
Kurt Suzuki,WAS,2013,82,5547,3550,662,93,9852,-10,2.7,-2,-0.5,-9.8,-1.74,0.563,0.3603,0.0672,0.0094,-0.1195,-5.6303,0.9729,-0.1533,-0.0336,-4.84,-0.87,
Kurt Suzuki,OAK,2012,113,7626,4662,898,182,13368,-16,-0.6,-1,1.7,-15.9,-2.83,0.5705,0.3487,0.0672,0.0136,-0.1407,-9.1275,-0.2092,-0.080789946,0.1142,-9.3,-1.63,
Martin Maldonado,MIL,2016,63,4950,2858,532,98,8438,7,1.3,7,2.1,17.4,2.98,0.5866,0.3387,0.063,0.0116,0.2762,4.1064,0.4403,0.5226,0.1324,5.2,0.89,3.01
Martin Maldonado,MIL,2015,66,5100,2755,604,103,8562,6.3,0.6,9,0.7,16.6,2.95,0.5957,0.3218,0.0705,0.012,0.2515,3.7526,0.1931,0.7432,0.0494,4.74,0.84,
Martin Maldonado,MIL,2012,58,5086,2730,576,105,8497,10.4,2.2,4,0.3,16.9,3,0.5986,0.3213,0.0678,0.0124,0.2914,6.2251,0.7068,0.320583735,0.0203,7.27,1.28,
Matt Wieters,BAL,2016,111,8771,4757,932,139,14599,-7.3,1,-3,1.9,-7.4,-1.27,0.6008,0.3258,0.0638,0.0095,-0.0667,-4.3858,0.3258,-0.2201,0.1213,-4.16,-0.71,-2.11
Matt Wieters,BAL,2013,134,10442,5440,1082,122,17086,-10.8,2.4,-13,1.3,-20.1,-3.57,0.6111,0.3184,0.0633,0.0071,-0.15,-6.6004,0.7641,-0.9161,0.0823,-6.67,-1.2,
Matt Wieters,BAL,2012,132,10299,5413,1056,144,16912,-4.2,2.6,5,4.1,7.5,1.33,0.609,0.3201,0.0624,0.0085,0.0568,-2.5577,0.8322,0.354777673,0.256,-1.11,-0.2,
Michael McKenry,PIT,2012,64,5128,2882,539,118,8667,-13.4,1.4,0,-1.2,-13.2,-2.35,0.5917,0.3325,0.0622,0.0136,-0.2063,-7.9284,0.4655,0,-0.0746,-7.54,-1.32,-1.32
Miguel Montero,CHC,2016,64,4599,2532,594,140,7865,16.1,-1.8,-1,-3.5,9.8,1.68,0.5847,0.3219,0.0755,0.0178,0.1531,9.4144,-0.5795,-0.0933,-0.2643,8.48,1.45,6.01
Miguel Montero,CHC,2015,90,6679,3544,887,169,11279,13.3,1.4,7,-2.6,19.1,3.39,0.5922,0.3142,0.0786,0.015,0.2122,7.8758,0.4399,0.6554,-0.2045,8.77,1.56,
Miguel Montero,ARI,2014,125,9535,5157,1115,185,15992,24,0.2,-7,-0.1,17.1,3.04,0.5962,0.3225,0.0697,0.0116,0.1368,14.3097,0.0645,-0.569,-0.007,13.8,2.53,
Miguel Montero,ARI,2013,111,8335,4469,898,137,13839,-2.3,-1.3,-5,0.2,-8.4,-1.49,0.6023,0.3229,0.0649,0.0099,-0.0757,-1.3853,-0.4198,-0.3739,0.013,-2.17,-0.39,
Miguel Montero,ARI,2012,136,9749,5270,1095,155,16269,6.6,2.4,-1,3.9,11.9,2.11,0.5992,0.3239,0.0673,0.0095,0.0875,3.955,0.7774,-0.076833241,0.2625,4.92,0.86,
Miguel Olivo,SEA,2012,68,4929,2569,556,131,8185,-8.7,-3.2,0,1.7,-10.2,-1.81,0.6022,0.3139,0.0679,0.016,-0.15,-5.2391,-1.0044,0,0.1155,-6.13,-1.08,-1.08
Mike Napoli,TEX,2012,69,5491,2940,552,102,9085,-17.4,0.4,-4,-0.7,-21.7,-3.86,0.6044,0.3236,0.0608,0.0112,-0.3145,-10.5166,0.1294,-0.287947166,-0.0425,-10.72,-1.88,-1.88
Mike Zunino,SEA,2015,101,7602,3996,858,149,12605,12.4,-1.6,8,0.5,19.3,3.43,0.6031,0.317,0.0681,0.0118,0.1911,7.4784,-0.5072,0.6391,0.034,7.64,1.36,3.54
Mike Zunino,SEA,2014,121,8983,4994,1099,210,15286,22.3,-2,-7,0.4,13.7,2.43,0.5877,0.3267,0.0719,0.0137,0.1132,13.1049,-0.6534,-0.5994,0.0288,11.88,2.18,
Nick Hundley,COL,2016,77,6042,3485,599,139,10265,-12.8,0,-16,-3.2,-32,-5.48,0.5886,0.3395,0.0584,0.0135,-0.4156,-7.5341,0,-1.1503,-0.1867,-8.87,-1.52,-4.45
Nick Hundley,COL,2015,100,7740,4504,699,165,13108,-14.8,1.6,-11,0.5,-23.7,-4.21,0.5905,0.3436,0.0533,0.0126,-0.237,-8.7391,0.5498,-0.7251,0.0267,-8.89,-1.58,
Nick Hundley,SDP,2013,102,8253,4618,802,193,13866,-4.3,-1.7,-3,-0.5,-9.5,-1.69,0.5952,0.333,0.0578,0.0139,-0.0931,-2.5593,-0.5662,-0.2153,-0.0289,-3.37,-0.61,
Nick Hundley,SDP,2012,56,4505,2425,478,125,7533,-9.3,2.2,6,1.6,0.5,0.09,0.598,0.3219,0.0635,0.0166,0.0089,-5.5617,0.7082,0.480286738,0.1015,-4.27,-0.75,
Rene Rivera,TBR,2015,87,6656,3855,823,145,11479,5.7,-0.5,-5,1.3,1.5,0.27,0.5798,0.3358,0.0717,0.0126,0.0172,3.3051,-0.1679,-0.4216,0.0932,2.81,0.5,2.81
Rene Rivera,SDP,2014,72,6135,3455,754,156,10500,18.3,2.6,10,2.9,33.8,6.01,0.5843,0.329,0.0718,0.0149,0.4694,10.6924,0.8555,0.8667,0.2082,12.62,2.31,
Rob Brantly,MIA,2013,61,4817,2695,487,103,8102,-10,-1.6,-3,-0.1,-14.7,-2.61,0.5945,0.3326,0.0601,0.0127,-0.241,-5.9454,-0.5322,-0.2185,-0.006,-6.7,-1.21,-1.21
Roberto Perez,CLE,2016,53,3819,2050,507,51,6427,8.9,1.3,8,1.2,19.4,3.32,0.5942,0.319,0.0789,0.0079,0.366,5.2885,0.4147,0.6946,0.0947,6.49,1.11,1.11
Robinson Chirinos,TEX,2015,73,5677,3122,511,84,9394,-1.1,1.6,0,0.4,0.9,0.16,0.6043,0.3323,0.0544,0.0089,0.0123,-0.6648,0.5317,0,0.0218,-0.11,-0.02,-0.7
Robinson Chirinos,TEX,2014,87,7068,3894,634,126,11722,-7.9,1.9,4,2.9,0.9,0.16,0.603,0.3322,0.0541,0.0107,0.0103,-4.7635,0.6312,0.2593,0.1569,-3.72,-0.68,
Rod Barajas,PIT,2012,98,6726,3590,747,154,11217,-13.1,0.3,-12,-6.1,-30.9,-5.49,0.5996,0.32,0.0666,0.0137,-0.3153,-7.8551,0.096,-0.963894089,-0.4062,-9.13,-1.6,-1.6
Russell Martin,TOR,2016,119,8808,4733,1048,152,14741,2.5,0.1,7,-2.8,6.8,1.16,0.5975,0.3211,0.0711,0.0103,0.0571,1.4938,0.0321,0.5698,-0.1991,1.9,0.32,6.7
Russell Martin,TOR,2015,113,7930,4200,873,178,13181,3.7,-3.6,4,2.6,6.7,1.19,0.6016,0.3186,0.0662,0.0135,0.0593,2.226,-1.1471,0.3189,0.1722,1.57,0.28,
Russell Martin,PIT,2014,98,7523,4166,880,171,12740,11.7,0.3,12,3.9,27.9,4.96,0.5905,0.327,0.0691,0.0134,0.2847,6.9089,0.0981,0.99,0.2694,8.27,1.52,
Russell Martin,PIT,2013,117,8759,4832,990,182,14763,17,1.4,16,3.1,37.5,6.66,0.5933,0.3273,0.0671,0.0123,0.3205,10.0862,0.4582,1.2702,0.2079,12.02,2.17,
Russell Martin,NYY,2012,116,9021,4862,991,177,15051,24.1,-0.6,-6,-0.5,17,3.02,0.5994,0.323,0.0658,0.0118,0.1466,14.4446,-0.1938,-0.465616903,-0.0329,13.75,2.42,
Ryan Hanigan,CIN,2014,61,5558,3052,540,77,9227,2.2,1.4,2,-0.5,5.1,0.91,0.6024,0.3308,0.0585,0.0083,0.0836,1.3252,0.4631,0.1337,-0.0293,1.89,0.35,2.94
Ryan Hanigan,CIN,2012,98,7403,3813,833,125,12174,21.1,3.4,7,4.6,36.1,6.41,0.6081,0.3132,0.0684,0.0103,0.3684,12.8309,1.0649,0.550846065,0.3148,14.76,2.59,
Salvador Perez,KCR,2016,128,9766,5425,1070,161,16422,-19.5,2.7,3,5.6,-8.2,-1.4,0.5947,0.3303,0.0652,0.0098,-0.0641,-11.5965,0.8919,0.2249,0.3649,-10.11,-1.73,-5.4
Salvador Perez,KCR,2015,137,10064,5426,1068,197,16755,-9.1,0.6,1,0.5,-7,-1.24,0.6007,0.3238,0.0637,0.0118,-0.0511,-5.466,0.1943,0.0755,0.0319,-5.16,-0.92,
Salvador Perez,KCR,2014,124,10730,6114,1118,191,18153,-10.6,1.3,8,0.6,-0.7,-0.12,0.5911,0.3368,0.0616,0.0105,-0.0056,-6.2655,0.4378,0.5769,0.037,-5.21,-0.96,
Salvador Perez,KCR,2013,126,9541,5296,1008,170,16015,-6.2,1,11,1.1,6.9,1.23,0.5958,0.3307,0.0629,0.0106,0.0548,-3.6937,0.3307,0.8091,0.0692,-2.48,-0.45,
Salvador Perez,KCR,2012,74,5636,3089,579,108,9412,-12.9,-2.2,9,1.8,-4.3,-0.76,0.5988,0.3282,0.0615,0.0115,-0.0581,-7.7246,-0.722,0.656927327,0.1107,-7.68,-1.35,
Sandy Leon,BOS,2016,67,4929,2638,597,71,8235,-7.5,-0.5,-1,1.1,-7.9,-1.35,0.5985,0.3203,0.0725,0.0086,-0.1179,-4.4891,-0.1602,-0.0811,0.0797,-4.65,-0.8,-0.8
Stephen Vogt,OAK,2016,103,7819,4356,818,153,13146,-14.4,-1.7,-10,0,-26.1,-4.47,0.5948,0.3314,0.0622,0.0116,-0.2534,-8.5649,-0.5633,-0.7386,0,-9.87,-1.69,-2.16
Stephen Vogt,OAK,2015,89,6626,3602,702,126,11056,-3.7,-0.7,-3,0.7,-6.7,-1.19,0.5993,0.3258,0.0635,0.0114,-0.0753,-2.2175,-0.2281,-0.2247,0.0444,-2.63,-0.47,
Travis D'Arnaud,NYM,2016,70,5218,3054,645,122,9039,8,1,-4,-2.5,2.5,0.43,0.5773,0.3379,0.0714,0.0135,0.0357,4.6182,0.3379,-0.3394,-0.1784,4.44,0.76,2.51
Travis D'Arnaud,NYM,2015,64,4413,2358,584,82,7437,11,0.4,-1,0.1,10.5,1.87,0.5934,0.3171,0.0785,0.011,0.1641,6.5272,0.1268,-0.0896,0.0079,6.57,1.17,
Travis D'Arnaud,NYM,2014,95,7795,4362,876,161,13194,10.3,-4.8,-15,-2.4,-11.9,-2.11,0.5908,0.3306,0.0664,0.0122,-0.1253,6.0852,-1.5869,-1.1789,-0.1593,3.16,0.58,
Tucker Barnhart,CIN,2016,106,8717,4879,898,176,14670,-7.3,2.3,-3,1.7,-6.3,-1.08,0.5942,0.3326,0.0612,0.012,-0.0594,-4.3377,0.7649,-0.2196,0.1041,-3.69,-0.63,-0.57
Tucker Barnhart,CIN,2015,67,5168,2870,612,105,8755,0.8,0.4,-3,0.2,-1.6,-0.28,0.5903,0.3278,0.0699,0.012,-0.0239,0.4722,0.1311,-0.2457,0.014,0.37,0.07,
Tyler Flowers,ATL,2016,76,5979,3357,639,132,10107,13.3,-0.8,2,-4.4,10.1,1.73,0.5916,0.3321,0.0632,0.0131,0.1329,7.8679,-0.2657,0.1526,-0.2782,7.48,1.28,2.99
Tyler Flowers,CHW,2015,100,7405,4270,945,154,12774,22.5,-2.8,14,-0.6,33.1,5.88,0.5797,0.3343,0.074,0.0121,0.331,13.0431,-0.936,1.2045,-0.0444,13.27,2.36,
Tyler Flowers,CHW,2014,105,9682,5263,941,184,16070,-5.6,-3.5,3,1.3,-4.8,-0.85,0.6025,0.3275,0.0586,0.0114,-0.0457,-3.3739,-1.1463,0.21,0.0761,-4.23,-0.78,
Tyler Flowers,CHW,2013,77,6161,3347,686,132,10326,2.1,-2.1,2,-0.1,1.9,0.34,0.5966,0.3241,0.0664,0.0128,0.0247,1.253,-0.6807,0.1584,-0.0066,0.72,0.13,
Wellington Castillo,ARI,2016,103,8367,4891,878,154,14290,-3.2,-1.5,2,3.1,0.4,0.07,0.5855,0.3423,0.0614,0.0108,0.0039,-1.8736,-0.5134,0.1444,0.1905,-2.05,-0.35,-5.32
Wellington Castillo,ARI,2015,83,5111,3422,648,93,9274,-10.9,1.7,-9,0,-18.2,-3.23,0.5511,0.369,0.0699,0.01,-0.2193,-6.0071,0.6273,-0.7191,0,-6.1,-1.08,
Wellington Castillo,CHC,2014,97,7903,4483,883,158,13427,-24.3,1.5,5,1,-16.8,-2.99,0.5886,0.3339,0.0658,0.0118,-0.1732,-14.3027,0.5008,0.3877,0.0658,-13.35,-2.45,
Wellington Castillo,CHC,2013,107,8300,4439,825,175,13739,-16.7,2.1,19,0.9,5.3,0.94,0.6041,0.3231,0.06,0.0127,0.0495,-10.0888,0.6785,1.3829,0.054,-7.97,-1.44,
Willin Rosario,COL,2014,89,7261,3961,646,133,12001,-11.8,-4.4,-8,-1.1,-25.3,-4.5,0.605,0.3301,0.0538,0.0111,-0.2843,-7.1394,-1.4522,-0.5193,-0.0592,-9.17,-1.68,-6.66
Willin Rosario,COL,2013,103,7814,4314,718,166,13012,-20.3,-2.7,-2,-0.6,-25.6,-4.55,0.6005,0.3315,0.0552,0.0128,-0.2485,-12.1906,-0.8952,-0.1359,-0.0331,-13.25,-2.39,
Willin Rosario,COL,2012,100,8007,4588,785,236,13616,-18.9,-10.9,-1,1.8,-29,-5.15,0.5881,0.337,0.0577,0.0173,-0.29,-11.1143,-3.6728,-0.074985311,0.1038,-14.76,-2.59,
Wilson Contreras,CHC,2016,41,3563,1921,426,96,6006,3.3,1.4,1,0.8,6.5,1.11,0.5932,0.3198,0.0709,0.016,0.1585,1.9577,0.4478,0.0869,0.0567,2.55,0.44,0.44
Wilson Ramos,WAS,2016,122,9124,4895,1158,136,15313,-1.8,-1.2,-1,1.6,-2.4,-0.41,0.5958,0.3197,0.0756,0.0089,-0.0197,-1.0725,-0.3836,-0.0845,0.121,-1.42,-0.24,0.05
Wilson Ramos,WAS,2015,123,8216,4456,1109,113,13894,-2.1,2.8,10,2,12.7,2.26,0.5913,0.3207,0.0798,0.0081,0.1033,-1.2418,0.898,0.8795,0.1596,0.7,0.12,
Wilson Ramos,WAS,2014,82,5914,3073,685,102,9774,-2.6,-0.4,0,1,-2,-0.36,0.6051,0.3144,0.0701,0.0104,-0.0244,-1.5732,-0.1258,0,0.0701,-1.63,-0.3,
Wilson Ramos,WAS,2013,77,5370,2899,636,103,9008,3.7,-0.1,5,0.2,8.8,1.56,0.5961,0.3218,0.0706,0.0114,0.1143,2.2057,-0.0322,0.4102,0.0141,2.6,0.47,
Yadier Molina,STL,2016,142,10500,5999,1175,182,17856,9.3,1.6,2,-0.9,12,2.05,0.588,0.336,0.0658,0.0102,0.0845,5.4688,0.5375,0.1316,-0.0092,6.13,1.05,7.08
Yadier Molina,STL,2015,131,9182,5334,1127,136,15779,5.7,1.5,8,2.4,17.6,3.13,0.5819,0.338,0.0714,0.0086,0.1344,3.3169,0.5071,0.6403,0.1714,4.64,0.82,
Yadier Molina,STL,2014,94,7380,3996,868,100,12344,2.2,0.5,8,2.2,12.9,2.29,0.5979,0.3237,0.0703,0.0081,0.1372,1.3153,0.1619,0.6273,0.1547,2.26,0.41,
Yadier Molina,STL,2013,128,8918,4960,1043,93,15014,19.2,4.8,12,0.9,36.9,6.56,0.594,0.3304,0.0695,0.0062,0.2883,11.4044,1.5857,0.908,0.0625,13.96,2.51,
Yadier Molina,STL,2012,133,9536,5354,1053,151,16094,17.8,2.5,16,6,42.3,7.52,0.5925,0.3327,0.0654,0.0094,0.318,10.5468,0.8317,1.196967814,0.3926,12.97,2.28,
Yan Gomes,CLE,2016,65,4814,2545,574,76,8009,-1.7,-0.3,0,0.2,-1.8,-0.31,0.6011,0.3178,0.0717,0.0095,-0.0277,-1.0218,-0.0953,0,0.0143,-1.1,-0.19,2.36
Yan Gomes,CLE,2015,90,5962,3111,807,109,9989,-3.5,-0.5,-1,0,-5,-0.89,0.5969,0.3114,0.0808,0.0109,-0.0556,-2.089,-0.1557,-0.0917,0,-2.34,-0.42,
Yan Gomes,CLE,2014,112,9130,5265,1139,192,15726,8,3.6,2,2.4,16,2.84,0.5806,0.3348,0.0724,0.0122,0.1429,4.6445,1.2053,0.1693,0.1738,6.19,1.14,
Yan Gomes,CLE,2013,79,6001,3494,731,116,10342,15.2,1.1,11,1.1,28.4,5.05,0.5803,0.3378,0.0707,0.0112,0.3595,8.8199,0.3716,0.9009,0.0778,10.17,1.83,
Yasmani Grandal,LAD,2016,106,8308,4486,1082,171,14047,24.1,0.3,13,0.5,37.9,6.49,0.5914,0.3194,0.077,0.0122,0.3575,14.2538,0.0958,1.1596,0.0385,15.55,2.66,6.14
Yasmani Grandal,LAD,2015,100,7043,3778,874,154,11849,20.8,-0.8,6,0,26,4.62,0.5944,0.3188,0.0738,0.013,0.26,12.3634,-0.2551,0.5206,0,12.63,2.24,
Yasmani Grandal,SDP,2014,62,5224,2940,561,121,8846,12.8,-1.1,-4,-2.7,5,0.89,0.5905,0.3324,0.0634,0.0137,0.0806,7.559,-0.3656,-0.3084,-0.1712,6.71,1.23,