Team,League,Year,RS,RA,W,OBP,SLG,BA,Playoffs,G,Adjusted_Salary,Attendance, Winning_% 
ARI,NL,1998,665,812,65,0.314,0.393,0.246,0,162,49229180,3600412, 0.40 
ARI,NL,1999,908,676,100,0.347,0.459,0.277,1,162,103139038,3019654, 0.62 
ARI,NL,2000,792,754,85,0.333,0.429,0.265,0,162,117986736,2819539, 0.52 
ARI,NL,2001,818,677,92,0.341,0.442,0.267,1,162,109134809,2735821, 0.57 
ARI,NL,2002,819,674,98,0.346,0.423,0.267,1,162,142919799,3200725, 0.60 
ARI,NL,2003,717,685,84,0.33,0.417,0.263,0,162,109693520,2805542, 0.52 
ARI,NL,2004,615,899,51,0.31,0.393,0.253,0,162,92369498,2519560, 0.31 
ARI,NL,2005,696,856,77,0.332,0.421,0.256,0,162,79374292,2059331, 0.48 
ARI,NL,2006,773,788,76,0.331,0.424,0.267,0,162,74380440,2091505, 0.47 
ARI,NL,2007,712,732,90,0.321,0.413,0.25,1,162,63001731,2316507, 0.56 
ARI,NL,2008,720,706,82,0.327,0.415,0.251,0,162,77457173,2509924, 0.51 
ATL,NL,1998,826,581,106,0.342,0.453,0.272,1,162,93664340,3360860, 0.65 
ATL,NL,1999,840,661,103,0.341,0.436,0.266,1,162,97902360,3284901, 0.64 
ATL,NL,2000,810,714,95,0.346,0.429,0.271,1,162,110694041,3234304, 0.59 
ATL,NL,2001,729,643,88,0.324,0.412,0.26,1,162,129634166,2823530, 0.54 
ATL,NL,2002,708,565,101,0.331,0.409,0.26,1,161,126434910,2603482, 0.63 
ATL,NL,2003,907,740,101,0.349,0.475,0.284,1,162,140411387,2401084, 0.62 
ATL,NL,2004,803,668,96,0.343,0.434,0.27,1,162,119942725,2322565, 0.59 
ATL,NL,2005,769,674,90,0.333,0.435,0.265,1,162,110665347,2521534, 0.56 
ATL,NL,2006,849,805,79,0.337,0.455,0.27,0,162,92959493,2549522, 0.49 
ATL,NL,2007,810,733,84,0.339,0.435,0.275,0,162,86703558,2745203, 0.52 
ATL,NL,2008,753,778,72,0.345,0.408,0.27,0,162,119311549,2532834, 0.44 
BAL,AL,1998,817,785,79,0.347,0.447,0.273,0,162,111427676,3684650, 0.49 
BAL,AL,1999,851,815,78,0.353,0.447,0.279,0,162,122016853,3432099, 0.48 
BAL,AL,2000,794,913,74,0.341,0.435,0.272,0,162,119935255,3153397, 0.46 
BAL,AL,2001,687,829,63,0.319,0.38,0.248,0,162,78590610,3094841, 0.39 
BAL,AL,2002,667,773,67,0.309,0.403,0.246,0,162,66309529,2682917, 0.41 
BAL,AL,2003,743,820,71,0.323,0.405,0.268,0,163,72824600,2454523, 0.44 
BAL,AL,2004,842,830,78,0.345,0.432,0.281,0,162,58019033,2744013, 0.48 
BAL,AL,2005,729,800,74,0.327,0.434,0.269,0,162,93793066,2624804, 0.46 
BAL,AL,2006,768,899,70,0.339,0.424,0.277,0,162,88841142,2153250, 0.43 
BAL,AL,2007,756,868,69,0.333,0.412,0.272,0,162,103636805,2164822, 0.43 
BAL,AL,2008,782,869,68,0.333,0.429,0.267,0,161,69971359,1950075, 0.42 
BOS,AL,1998,876,729,92,0.348,0.463,0.28,1,162,79859780,2314704, 0.57 
BOS,AL,1999,836,718,94,0.35,0.448,0.278,1,162,96485225,2446162, 0.58 
BOS,AL,2000,792,745,85,0.341,0.423,0.267,0,162,104116736,2585895, 0.52 
BOS,AL,2001,772,745,82,0.334,0.439,0.266,0,161,155963333,2625333, 0.51 
BOS,AL,2002,859,665,93,0.345,0.444,0.277,0,162,149162373,2650063, 0.57 
BOS,AL,2003,961,809,95,0.36,0.491,0.289,1,162,135519240,2724165, 0.59 
BOS,AL,2004,949,768,98,0.36,0.472,0.282,1,162,168503020,2837304, 0.60 
BOS,AL,2005,910,805,95,0.357,0.454,0.281,1,162,158086560,2813354, 0.59 
BOS,AL,2006,820,825,86,0.351,0.435,0.269,0,162,148024782,2930768, 0.53 
BOS,AL,2007,867,657,96,0.362,0.444,0.279,1,162,161566719,2970755, 0.59 
BOS,AL,2008,845,694,95,0.358,0.447,0.28,1,162,146706341,3048250, 0.59 
CHC,NL,1998,831,792,90,0.337,0.433,0.264,1,163,78024100,2623194, 0.55 
CHC,NL,1999,747,920,67,0.329,0.42,0.257,0,162,92695880,2813854, 0.41 
CHC,NL,2000,764,904,65,0.335,0.411,0.256,0,162,87701226,2789511, 0.40 
CHC,NL,2001,777,701,88,0.336,0.43,0.261,0,162,91896483,2780465, 0.54 
CHC,NL,2002,706,759,67,0.321,0.413,0.246,0,162,104927393,2693071, 0.41 
CHC,NL,2003,724,683,88,0.323,0.416,0.259,1,162,107791333,2962630, 0.54 
CHC,NL,2004,789,665,89,0.328,0.458,0.268,0,162,120444800,3170184, 0.55 
CHC,NL,2005,703,714,79,0.324,0.44,0.27,0,162,111402154,3100262, 0.49 
CHC,NL,2006,716,834,66,0.319,0.422,0.268,0,162,112085046,3123215, 0.41 
CHC,NL,2007,752,690,85,0.333,0.422,0.271,1,162,120137672,3252462, 0.52 
CHC,NL,2008,855,671,97,0.354,0.443,0.278,1,161,140804625,3300200, 0.60 
CHW,AL,1998,861,931,80,0.339,0.444,0.271,0,163,61099500,1391146, 0.49 
CHW,AL,1999,777,870,75,0.337,0.429,0.277,0,162,37704700,1349151, 0.46 
CHW,AL,2000,978,839,95,0.356,0.47,0.286,1,162,45710410,1947799, 0.59 
CHW,AL,2001,798,795,83,0.334,0.451,0.268,0,162,90459207,1766172, 0.51 
CHW,AL,2002,856,798,81,0.338,0.449,0.268,0,162,79303438,1676804, 0.50 
CHW,AL,2003,791,715,86,0.331,0.446,0.263,0,162,69373600,1939524, 0.53 
CHW,AL,2004,865,831,83,0.333,0.457,0.268,0,162,86732625,1930537, 0.51 
CHW,AL,2005,741,645,99,0.322,0.425,0.262,1,162,95820800,2342834, 0.61 
CHW,AL,2006,868,794,90,0.342,0.464,0.28,0,162,127410827,2957414, 0.56 
CHW,AL,2007,693,839,72,0.318,0.404,0.246,0,162,131492918,2684395, 0.44 
CHW,AL,2008,811,729,89,0.332,0.448,0.263,1,163,141332293,2501103, 0.55 
CIN,NL,1998,750,760,77,0.337,0.402,0.262,0,162,35427700,1793649, 0.48 
CIN,NL,1999,865,711,96,0.341,0.451,0.272,0,163,50661649,2061324, 0.59 
CIN,NL,2000,825,765,85,0.343,0.447,0.274,0,163,67988112,2577371, 0.52 
CIN,NL,2001,735,850,66,0.324,0.419,0.262,0,162,69261920,1879757, 0.41 
CIN,NL,2002,709,774,78,0.33,0.408,0.253,0,162,61535147,1855973, 0.48 
CIN,NL,2003,694,886,69,0.318,0.395,0.245,0,162,80193307,2355259, 0.43 
CIN,NL,2004,750,907,76,0.331,0.418,0.25,0,162,61599283,2287250, 0.47 
CIN,NL,2005,820,889,73,0.339,0.446,0.261,0,163,78787306,1943157, 0.45 
CIN,NL,2006,749,801,80,0.336,0.432,0.257,0,162,70456204,2134472, 0.49 
CIN,NL,2007,783,853,72,0.335,0.436,0.267,0,162,82452401,2056453, 0.44 
CIN,NL,2008,704,800,74,0.321,0.408,0.247,0,162,80847228,2058632, 0.46 
CLE,AL,1998,850,779,89,0.347,0.448,0.272,1,162,89270976,3467299, 0.55 
CLE,AL,1999,1009,860,97,0.373,0.467,0.289,1,162,110954743,3468436, 0.60 
CLE,AL,2000,950,816,90,0.367,0.47,0.288,0,162,112080216,3456278, 0.56 
CLE,AL,2001,897,821,91,0.35,0.458,0.278,1,162,131388341,3182523, 0.56 
CLE,AL,2002,739,837,74,0.321,0.412,0.249,0,162,106896489,2616940, 0.46 
CLE,AL,2003,699,778,68,0.316,0.401,0.254,0,162,54379374,1730002, 0.42 
CLE,AL,2004,858,857,80,0.351,0.444,0.276,0,162,44822064,1814401, 0.49 
CLE,AL,2005,790,642,93,0.334,0.453,0.271,0,162,52718080,1973185, 0.57 
CLE,AL,2006,870,782,78,0.349,0.457,0.28,0,162,69479060,1998070, 0.48 
CLE,AL,2007,811,704,96,0.343,0.428,0.268,1,162,74160497,2275911, 0.59 
CLE,AL,2008,805,761,81,0.339,0.424,0.262,0,162,92394977,2169760, 0.50 
COL,NL,1998,826,855,77,0.347,0.461,0.291,0,162,76907058,3792683, 0.48 
COL,NL,1999,906,1028,72,0.348,0.472,0.288,0,162,88993114,3235833, 0.44 
COL,NL,2000,968,897,82,0.362,0.455,0.294,0,162,88784337,3149117, 0.51 
COL,NL,2001,923,906,73,0.354,0.483,0.292,0,162,100701194,3168579, 0.45 
COL,NL,2002,778,898,73,0.337,0.423,0.274,0,162,76729450,2737918, 0.45 
COL,NL,2003,853,892,74,0.344,0.445,0.267,0,162,91364347,2334085, 0.46 
COL,NL,2004,833,923,68,0.345,0.455,0.275,0,162,75072072,2338069, 0.42 
COL,NL,2005,740,862,67,0.333,0.411,0.267,0,162,61233920,1915586, 0.41 
COL,NL,2006,813,812,76,0.341,0.433,0.27,0,162,49887680,2105995, 0.47 
COL,NL,2007,860,758,90,0.354,0.437,0.28,1,163,64784610,2376250, 0.55 
COL,NL,2008,747,822,74,0.336,0.415,0.263,0,162,80326935,2650218, 0.46 
DET,AL,1998,722,863,65,0.323,0.415,0.264,0,162,37368100,1409391, 0.40 
DET,AL,1999,747,882,69,0.326,0.443,0.261,0,161,54676596,2026491, 0.43 
DET,AL,2000,823,827,79,0.343,0.438,0.275,0,162,86439544,2438617, 0.49 
DET,AL,2001,724,876,66,0.32,0.409,0.26,0,162,75020257,1920995, 0.41 
DET,AL,2002,575,864,55,0.3,0.379,0.248,0,161,76214395,1503623, 0.34 
DET,AL,2003,591,928,43,0.3,0.375,0.24,0,162,66868480,1368245, 0.27 
DET,AL,2004,827,844,72,0.337,0.449,0.272,0,162,61449990,1917004, 0.44 
DET,AL,2005,723,787,71,0.321,0.428,0.272,0,162,84163200,2024505, 0.44 
DET,AL,2006,822,675,95,0.329,0.449,0.274,1,162,94590754,2595937, 0.59 
DET,AL,2007,887,797,88,0.345,0.458,0.287,0,162,112633296,3047124, 0.54 
DET,AL,2008,821,857,74,0.34,0.444,0.271,0,162,159522124,3202654, 0.46 
FLA,NL,1998,667,923,54,0.317,0.373,0.248,0,162,53429787,1750395, 0.33 
FLA,NL,1999,691,852,64,0.325,0.395,0.263,0,162,31838350,1369421, 0.40 
FLA,NL,2000,731,797,79,0.331,0.409,0.262,0,161,28023240,1173389, 0.49 
FLA,NL,2001,742,744,76,0.326,0.423,0.264,0,162,40271910,1261226, 0.47 
FLA,NL,2002,699,763,79,0.337,0.403,0.261,0,162,58071305,813111, 0.49 
FLA,NL,2003,751,692,91,0.333,0.421,0.266,1,162,66844000,1303215, 0.56 
FLA,NL,2004,718,700,83,0.329,0.406,0.264,0,162,55644596,1723105, 0.51 
FLA,NL,2005,717,732,83,0.339,0.409,0.272,0,162,76875308,1823388, 0.51 
FLA,NL,2006,758,772,78,0.331,0.435,0.264,0,162,18192660,1165120, 0.48 
FLA,NL,2007,790,891,71,0.336,0.448,0.267,0,162,36453670,1370511, 0.44 
FLA,NL,2008,770,767,84,0.326,0.433,0.254,0,161,22746555,1335075, 0.52 
HOU,NL,1998,874,620,102,0.356,0.436,0.28,1,162,64441300,2458451, 0.63 
HOU,NL,1999,823,675,97,0.355,0.42,0.267,1,162,75672140,2706017, 0.60 
HOU,NL,2000,938,944,72,0.361,0.477,0.278,0,162,74882102,3020581, 0.44 
HOU,NL,2001,847,769,93,0.347,0.451,0.271,1,162,82803987,2906277, 0.57 
HOU,NL,2002,749,695,84,0.338,0.417,0.262,0,162,87150800,2517407, 0.52 
HOU,NL,2003,805,677,87,0.336,0.431,0.263,0,162,96192800,2454241, 0.54 
HOU,NL,2004,803,698,92,0.342,0.436,0.267,1,162,100278010,3087872, 0.57 
HOU,NL,2005,693,609,89,0.322,0.408,0.256,1,163,98277120,2762472, 0.55 
HOU,NL,2006,735,719,82,0.332,0.409,0.255,0,162,101091516,3022763, 0.51 
HOU,NL,2007,723,813,73,0.33,0.412,0.26,0,162,105728590,3020405, 0.45 
HOU,NL,2008,712,743,86,0.323,0.415,0.263,0,161,102441464,2779287, 0.53 
KCR,AL,1998,714,899,72,0.324,0.399,0.263,0,161,57807750,1494875, 0.45 
KCR,AL,1999,856,921,64,0.348,0.433,0.282,0,161,36292850,1506068, 0.40 
KCR,AL,2000,879,930,77,0.348,0.425,0.288,0,162,36062730,1564847, 0.48 
KCR,AL,2001,729,858,65,0.318,0.409,0.266,0,162,45397400,1536101, 0.40 
KCR,AL,2002,737,891,62,0.323,0.398,0.256,0,162,65687230,1323034, 0.38 
KCR,AL,2003,836,867,83,0.336,0.427,0.274,0,162,55104480,1779895, 0.51 
KCR,AL,2004,720,905,58,0.322,0.397,0.259,0,162,62067775,1661478, 0.36 
KCR,AL,2005,701,935,56,0.32,0.396,0.263,0,162,43418880,1371181, 0.35 
KCR,AL,2006,757,971,62,0.332,0.411,0.271,0,162,58229160,1372684, 0.38 
KCR,AL,2007,706,778,69,0.322,0.388,0.261,0,162,80970175,1616867, 0.43 
KCR,AL,2008,691,781,75,0.32,0.397,0.269,0,162,68995485,1578922, 0.46 
LAA,AL,1998,787,783,85,0.335,0.415,0.272,0,162,63276290,2519280, 0.52 
LAA,AL,1999,711,826,70,0.322,0.395,0.256,0,162,81439081,2253040, 0.43 
LAA,AL,2000,864,869,82,0.352,0.472,0.28,0,162,76305684,2066982, 0.51 
LAA,AL,2001,691,730,75,0.327,0.405,0.261,0,162,47965470,2001319, 0.46 
LAA,AL,2002,851,644,99,0.341,0.433,0.282,1,162,85515117,2305565, 0.61 
LAA,AL,2003,736,743,77,0.33,0.413,0.268,0,162,107071667,3061094, 0.48 
LAA,AL,2004,836,734,92,0.341,0.429,0.282,1,162,133310112,3375677, 0.57 
LAA,AL,2005,761,643,95,0.325,0.409,0.27,1,162,108032412,3404686, 0.59 
LAA,AL,2006,766,732,89,0.334,0.425,0.274,0,162,128305280,3406790, 0.55 
LAA,AL,2007,822,731,94,0.345,0.417,0.284,1,162,131731288,3365632, 0.58 
LAA,AL,2008,765,697,100,0.33,0.413,0.268,1,162,128368110,3336744, 0.62 
LAD,NL,1998,669,678,83,0.31,0.387,0.252,0,162,74397400,3089222, 0.51 
LAD,NL,1999,793,787,77,0.339,0.42,0.266,0,162,121800304,3098042, 0.48 
LAD,NL,2000,798,729,86,0.341,0.431,0.257,0,162,128369458,2880242, 0.53 
LAD,NL,2001,758,744,86,0.323,0.425,0.255,0,162,143807120,3017143, 0.53 
LAD,NL,2002,713,643,92,0.32,0.409,0.264,0,162,118467550,3131077, 0.57 
LAD,NL,2003,574,556,85,0.303,0.368,0.243,0,162,143578763,3138626, 0.52 
LAD,NL,2004,761,684,93,0.332,0.423,0.262,1,162,108640164,3488283, 0.57 
LAD,NL,2005,685,755,71,0.326,0.395,0.253,0,162,89137920,3603680, 0.44 
LAD,NL,2006,820,751,88,0.348,0.432,0.276,1,162,121634312,3758421, 0.54 
LAD,NL,2007,735,727,82,0.337,0.406,0.275,0,162,130752024,3856753, 0.51 
LAD,NL,2008,700,648,84,0.333,0.399,0.264,1,162,120016418,3730553, 0.52 
MIL,NL,1998,707,812,74,0.33,0.396,0.26,0,162,51596178,1811593, 0.46 
MIL,NL,1999,815,886,74,0.353,0.426,0.273,0,161,65499866,1701790, 0.46 
MIL,NL,2000,740,826,73,0.325,0.403,0.246,0,163,52024666,1573621, 0.45 
MIL,NL,2001,740,806,68,0.319,0.426,0.251,0,162,62012583,2811040, 0.42 
MIL,NL,2002,627,821,56,0.32,0.39,0.253,0,162,64680638,1969693, 0.35 
MIL,NL,2003,714,873,68,0.329,0.419,0.256,0,162,54837920,1700354, 0.42 
MIL,NL,2004,634,757,67,0.321,0.387,0.248,0,161,36612905,2062382, 0.42 
MIL,NL,2005,726,697,81,0.331,0.423,0.259,0,162,51116586,2211023, 0.50 
MIL,NL,2006,730,833,75,0.327,0.42,0.258,0,162,71384733,2335643, 0.46 
MIL,NL,2007,801,776,83,0.329,0.456,0.262,0,162,78936165,2869144, 0.51 
MIL,NL,2008,750,689,90,0.325,0.431,0.253,1,162,89724374,3068458, 0.56 
MIN,AL,1998,734,818,70,0.328,0.389,0.266,0,162,43270150,1165976, 0.43 
MIN,AL,1999,686,845,63,0.328,0.384,0.264,0,161,33382325,1202829, 0.39 
MIN,AL,2000,748,880,69,0.337,0.407,0.27,0,162,25593070,1000760, 0.43 
MIN,AL,2001,771,766,85,0.337,0.433,0.272,0,162,33930900,1782926, 0.52 
MIN,AL,2002,768,712,94,0.332,0.437,0.272,1,161,55878000,1924473, 0.58 
MIN,AL,2003,801,758,90,0.341,0.431,0.277,1,162,75486800,1946011, 0.56 
MIN,AL,2004,780,715,92,0.332,0.431,0.266,1,162,64026200,1879222, 0.57 
MIN,AL,2005,688,662,83,0.323,0.391,0.259,0,162,71091200,2013453, 0.51 
MIN,AL,2006,801,683,96,0.347,0.425,0.287,1,162,78205567,2285018, 0.59 
MIN,AL,2007,718,725,79,0.33,0.391,0.264,0,162,85485895,2296383, 0.49 
MIN,AL,2008,829,745,88,0.34,0.408,0.279,0,163,66611336,2302431, 0.54 
MON,NL,1998,644,783,65,0.31,0.394,0.249,0,162,16387910,914909, 0.40 
MON,NL,1999,718,853,68,0.323,0.427,0.265,0,162,26395555,772737, 0.42 
MON,NL,2000,738,902,67,0.326,0.432,0.266,0,162,43499726,926272, 0.41 
MON,NL,2001,670,812,68,0.319,0.396,0.253,0,162,49606990,642743, 0.42 
MON,NL,2002,735,718,83,0.334,0.418,0.261,0,162,53161245,812537, 0.51 
MON,NL,2003,711,716,83,0.326,0.401,0.258,0,162,65073960,1025639, 0.51 
MON,NL,2004,635,769,67,0.313,0.392,0.249,0,162,53981375,748550, 0.41 
MON,NL,2005,639,673,81,0.322,0.386,0.252,0,162,61359360,2692123, 0.50 
MON,NL,2006,746,872,71,0.338,0.418,0.262,0,162,67168320,2153150, 0.44 
MON,NL,2007,673,783,73,0.325,0.39,0.256,0,162,36950375,1961579, 0.45 
MON,NL,2008,641,825,59,0.323,0.373,0.251,0,161,63777870,2320400, 0.37 
NYM,NL,1998,706,645,88,0.33,0.394,0.259,0,162,79564868,2287948, 0.54 
NYM,NL,1999,853,711,97,0.363,0.434,0.279,1,163,99247909,2726008, 0.60 
NYM,NL,2000,807,738,94,0.346,0.43,0.263,1,162,116084273,2820530, 0.58 
NYM,NL,2001,642,713,82,0.323,0.387,0.249,0,162,131271088,2658330, 0.51 
NYM,NL,2002,690,703,75,0.322,0.395,0.256,0,161,127254861,2804838, 0.47 
NYM,NL,2003,642,754,66,0.314,0.374,0.247,0,161,158951943,2140599, 0.41 
NYM,NL,2004,684,731,71,0.317,0.409,0.249,0,162,104862923,2318321, 0.44 
NYM,NL,2005,722,648,83,0.322,0.416,0.258,0,162,128856731,2782212, 0.51 
NYM,NL,2006,834,731,97,0.334,0.445,0.264,1,162,125552434,3379551, 0.60 
NYM,NL,2007,804,750,88,0.342,0.432,0.275,0,162,139086672,3853955, 0.54 
NYM,NL,2008,799,715,89,0.34,0.42,0.266,0,162,152081720,4042047, 0.55 
NYY,AL,1998,965,656,114,0.364,0.46,0.288,1,162,102358975,2955193, 0.70 
NYY,AL,1999,900,731,98,0.366,0.453,0.282,1,162,130364882,3293659, 0.60 
NYY,AL,2000,871,814,87,0.354,0.45,0.277,1,161,135361360,3227657, 0.54 
NYY,AL,2001,804,713,95,0.334,0.435,0.267,1,161,156457223,3264552, 0.59 
NYY,AL,2002,897,697,103,0.354,0.455,0.275,1,161,174443030,3461644, 0.64 
NYY,AL,2003,877,716,101,0.356,0.453,0.271,1,163,200191747,3465600, 0.62 
NYY,AL,2004,897,808,101,0.353,0.458,0.268,1,162,244977954,3775292, 0.62 
NYY,AL,2005,886,789,95,0.355,0.45,0.276,1,162,266632726,4090440, 0.59 
NYY,AL,2006,930,767,97,0.363,0.461,0.285,1,162,231462218,4200518, 0.60 
NYY,AL,2007,968,777,94,0.366,0.463,0.29,1,162,250057444,4271867, 0.58 
NYY,AL,2008,789,727,89,0.342,0.427,0.271,0,162,247450368,4298655, 0.55 
OAK,AL,1998,804,866,74,0.338,0.397,0.257,0,162,32196780,1232343, 0.46 
OAK,AL,1999,893,846,87,0.355,0.446,0.259,0,162,36876968,1434632, 0.54 
OAK,AL,2000,947,813,91,0.36,0.458,0.27,1,161,48431606,1728885, 0.57 
OAK,AL,2001,884,645,102,0.345,0.439,0.264,1,162,48011265,2133477, 0.63 
OAK,AL,2002,800,654,103,0.339,0.432,0.261,1,162,55295822,2169811, 0.64 
OAK,AL,2003,768,643,96,0.327,0.417,0.254,1,162,68354734,2216596, 0.59 
OAK,AL,2004,793,742,91,0.343,0.433,0.27,0,162,78605882,2201516, 0.56 
OAK,AL,2005,772,658,88,0.33,0.407,0.262,0,162,69152975,2109298, 0.54 
OAK,AL,2006,771,727,93,0.34,0.412,0.26,1,162,80405418,1976625, 0.57 
OAK,AL,2007,741,758,76,0.338,0.407,0.256,0,162,96033997,1921844, 0.47 
OAK,AL,2008,646,690,75,0.318,0.369,0.242,0,161,56121537,1578922, 0.47 
PHI,NL,1998,713,808,75,0.326,0.395,0.264,0,162,46380950,1715722, 0.46 
PHI,NL,1999,841,846,77,0.351,0.431,0.275,0,162,46745825,1825337, 0.48 
PHI,NL,2000,708,830,65,0.329,0.4,0.251,0,162,64689680,1612769, 0.40 
PHI,NL,2001,746,719,86,0.329,0.414,0.26,0,162,59162643,1782054, 0.53 
PHI,NL,2002,710,724,80,0.339,0.422,0.259,0,161,76456949,1618141, 0.50 
PHI,NL,2003,791,697,86,0.343,0.419,0.261,0,162,95825600,2259948, 0.53 
PHI,NL,2004,840,781,86,0.345,0.443,0.267,0,162,123183492,3206532, 0.53 
PHI,NL,2005,807,726,88,0.348,0.423,0.27,0,162,122268160,2665301, 0.54 
PHI,NL,2006,865,812,85,0.347,0.447,0.267,0,162,109024933,2701815, 0.52 
PHI,NL,2007,892,821,89,0.354,0.458,0.274,1,162,107288538,3108331, 0.55 
PHI,NL,2008,799,680,92,0.332,0.438,0.255,1,162,110333785,3422583, 0.57 
PIT,NL,1998,650,718,69,0.311,0.374,0.254,0,163,22667260,1560950, 0.42 
PIT,NL,1999,775,782,78,0.334,0.419,0.259,0,161,36236476,1638023, 0.48 
PIT,NL,2000,793,888,69,0.339,0.424,0.267,0,162,42819368,1748908, 0.43 
PIT,NL,2001,657,858,62,0.313,0.393,0.247,0,162,70340883,2435867, 0.38 
PIT,NL,2002,641,730,72,0.319,0.381,0.244,0,161,53266328,1784993, 0.45 
PIT,NL,2003,753,801,75,0.338,0.42,0.267,0,162,68965503,1636751, 0.46 
PIT,NL,2004,680,744,72,0.321,0.401,0.26,0,161,42863146,1583031, 0.45 
PIT,NL,2005,680,769,67,0.322,0.4,0.259,0,162,47994880,1794237, 0.41 
PIT,NL,2006,691,797,67,0.327,0.397,0.263,0,162,57119050,1861549, 0.41 
PIT,NL,2007,724,846,68,0.325,0.411,0.263,0,162,46630778,1749142, 0.42 
PIT,NL,2008,735,884,67,0.32,0.403,0.258,0,162,56494951,1609076, 0.41 
SDP,NL,1998,749,635,98,0.33,0.409,0.253,1,162,71281210,2555874, 0.60 
SDP,NL,1999,710,781,74,0.332,0.393,0.252,0,162,63195785,2523538, 0.46 
SDP,NL,2000,752,815,76,0.33,0.402,0.254,0,162,69903826,2423149, 0.47 
SDP,NL,2001,789,812,79,0.336,0.399,0.252,0,162,55639623,2378128, 0.49 
SDP,NL,2002,662,815,66,0.321,0.381,0.253,0,162,57254100,2220416, 0.41 
SDP,NL,2003,678,831,64,0.333,0.388,0.261,0,162,61485600,2030084, 0.40 
SDP,NL,2004,768,705,87,0.342,0.414,0.273,0,162,73661828,3040046, 0.54 
SDP,NL,2005,684,726,82,0.333,0.391,0.257,1,162,80158506,2832039, 0.51 
SDP,NL,2006,731,679,88,0.332,0.416,0.263,1,162,86671215,2659732, 0.54 
SDP,NL,2007,741,666,89,0.322,0.411,0.251,0,163,69849146,2790074, 0.55 
SDP,NL,2008,637,764,63,0.317,0.39,0.25,0,162,84575107,2427535, 0.39 
SEA,AL,1998,859,855,76,0.345,0.468,0.276,0,161,83744485,2651511, 0.47 
SEA,AL,1999,859,905,79,0.343,0.455,0.269,0,162,79010755,2915908, 0.49 
SEA,AL,2000,907,780,91,0.361,0.442,0.269,1,162,88030700,3148317, 0.56 
SEA,AL,2001,927,627,116,0.36,0.445,0.288,1,162,103299084,3512326, 0.72 
SEA,AL,2002,814,699,93,0.35,0.419,0.275,0,162,111592909,3540482, 0.57 
SEA,AL,2003,795,637,93,0.344,0.41,0.271,0,162,117856467,3268509, 0.57 
SEA,AL,2004,698,823,63,0.331,0.396,0.27,0,162,108017059,2940731, 0.39 
SEA,AL,2005,699,751,69,0.317,0.391,0.256,0,162,110353068,2689529, 0.43 
SEA,AL,2006,756,792,78,0.325,0.424,0.272,0,162,109070193,2480717, 0.48 
SEA,AL,2007,794,813,88,0.337,0.425,0.287,0,162,127147808,2672409, 0.54 
SEA,AL,2008,671,811,61,0.318,0.389,0.265,0,162,137213484,2329702, 0.38 
SFG,NL,1998,845,739,89,0.353,0.421,0.274,0,163,63621252,1925364, 0.55 
SFG,NL,1999,872,831,86,0.356,0.434,0.271,0,162,70665066,2078365, 0.53 
SFG,NL,2000,925,747,97,0.362,0.472,0.278,1,162,78457226,3318800, 0.60 
SFG,NL,2001,799,748,90,0.342,0.46,0.266,0,162,86769337,3311000, 0.56 
SFG,NL,2002,783,616,95,0.344,0.442,0.267,1,162,108836771,3253205, 0.59 
SFG,NL,2003,755,638,100,0.338,0.425,0.264,1,161,100778947,3264898, 0.62 
SFG,NL,2004,850,770,91,0.357,0.438,0.27,0,162,96516991,3258864, 0.56 
SFG,NL,2005,649,745,75,0.319,0.396,0.261,0,162,115455360,3140781, 0.46 
SFG,NL,2006,746,790,76,0.324,0.422,0.259,0,161,111669960,3130304, 0.47 
SFG,NL,2007,683,720,71,0.322,0.387,0.254,0,162,109165058,3223202, 0.44 
SFG,NL,2008,640,759,72,0.321,0.382,0.262,0,162,86690565,2863837, 0.44 
STL,NL,1998,810,782,83,0.341,0.441,0.258,0,163,83348682,3195691, 0.51 
STL,NL,1999,809,838,75,0.338,0.426,0.262,0,161,74651674,3235833, 0.47 
STL,NL,2000,887,771,95,0.356,0.455,0.27,1,162,90014640,3336493, 0.59 
STL,NL,2001,814,684,93,0.339,0.441,0.27,1,162,105098933,3109578, 0.57 
STL,NL,2002,787,648,97,0.338,0.425,0.268,1,162,103222616,3011756, 0.60 
STL,NL,2003,876,796,85,0.35,0.454,0.279,0,162,112719066,2910386, 0.52 
STL,NL,2004,855,659,105,0.344,0.46,0.278,1,162,111507643,3048427, 0.65 
STL,NL,2005,805,634,100,0.339,0.423,0.27,1,162,116923946,3491837, 0.62 
STL,NL,2006,781,762,83,0.337,0.431,0.269,1,161,108321900,3407104, 0.52 
STL,NL,2007,725,829,78,0.337,0.405,0.274,0,162,108784836,3552166, 0.48 
STL,NL,2008,779,725,86,0.35,0.433,0.281,0,162,107027445,3430660, 0.53 
TBD,AL,1998,620,751,63,0.321,0.385,0.261,0,162,41703200,2506023, 0.39 
TBD,AL,1999,772,913,69,0.343,0.411,0.274,0,162,58376600,1562827, 0.43 
TBD,AL,2000,733,842,69,0.329,0.399,0.257,0,161,78606588,1479782, 0.43 
TBD,AL,2001,672,887,62,0.32,0.388,0.258,0,162,59611600,1298075, 0.38 
TBD,AL,2002,673,918,55,0.314,0.39,0.253,0,161,47090420,1065762, 0.34 
TBD,AL,2003,715,852,63,0.32,0.404,0.265,0,162,26696800,1058695, 0.39 
TBD,AL,2004,714,842,70,0.32,0.405,0.258,0,161,39307042,1275011, 0.43 
TBD,AL,2005,750,936,67,0.329,0.425,0.274,0,162,36693206,1124189, 0.41 
TBD,AL,2006,689,856,61,0.314,0.42,0.255,0,162,43298279,1369031, 0.38 
TBD,AL,2007,782,944,66,0.336,0.433,0.268,0,162,29189435,1389031, 0.41 
TBD,AL,2008,774,671,97,0.34,0.422,0.26,1,162,52146779,1780791, 0.60 
TEX,AL,1998,940,871,88,0.357,0.462,0.289,1,162,87055576,2927399, 0.54 
TEX,AL,1999,945,859,95,0.361,0.479,0.293,1,162,115831996,2774501, 0.59 
TEX,AL,2000,848,974,71,0.352,0.446,0.283,0,162,98945545,2800075, 0.44 
TEX,AL,2001,890,968,73,0.344,0.471,0.275,0,162,123843170,2831111, 0.45 
TEX,AL,2002,843,882,72,0.338,0.455,0.269,0,162,143669642,2352447, 0.44 
TEX,AL,2003,826,969,71,0.33,0.454,0.266,0,162,126650000,2094394, 0.44 
TEX,AL,2004,860,794,89,0.329,0.457,0.266,0,162,57434388,2513685, 0.55 
TEX,AL,2005,865,858,79,0.329,0.468,0.267,0,162,70243200,2486925, 0.49 
TEX,AL,2006,835,784,80,0.338,0.446,0.278,0,162,84193101,2388757, 0.49 
TEX,AL,2007,816,844,75,0.328,0.426,0.263,0,162,82204587,2353862, 0.46 
TEX,AL,2008,901,967,79,0.354,0.462,0.283,0,162,78760885,1945677, 0.49 
TOR,AL,1998,816,768,88,0.34,0.448,0.266,0,163,79119040,2454303, 0.54 
TOR,AL,1999,883,862,84,0.352,0.457,0.28,0,162,67752693,2163486, 0.52 
TOR,AL,2000,861,908,83,0.341,0.469,0.275,0,162,67215965,1819919, 0.51 
TOR,AL,2001,767,753,80,0.325,0.43,0.263,0,162,104648319,1895236, 0.49 
TOR,AL,2002,813,828,78,0.327,0.43,0.261,0,162,101559423,1636904, 0.48 
TOR,AL,2003,894,826,86,0.349,0.455,0.279,0,162,69304240,1799458, 0.53 
TOR,AL,2004,719,823,67,0.328,0.403,0.26,0,161,66522610,1900041, 0.42 
TOR,AL,2005,775,705,80,0.331,0.407,0.265,0,162,58520960,1977949, 0.49 
TOR,AL,2006,809,754,87,0.348,0.463,0.284,0,162,88492600,2302182, 0.54 
TOR,AL,2007,753,699,83,0.327,0.419,0.259,0,162,98084173,2360648, 0.51 
TOR,AL,2008,714,610,86,0.331,0.399,0.264,0,162,113946300,2399786, 0.53 