yearID,teamID,G,W,WAR,Salary,Adj_Factor,Adjusted_Salary,Attendance
1998,ARI,162,65,9.9,"$31,967,000 ",1.54,"$49,229,180 ","3,600,412"
1998,ATL,162,106,37.3,"$60,821,000 ",1.54,"$93,664,340 ","3,360,860"
1998,BAL,162,79,24.9,"$72,355,634 ",1.54,"$111,427,676 ","3,684,650"
1998,BOS,162,92,31.4,"$51,857,000 ",1.54,"$79,859,780 ","2,314,704"
1998,CHC,163,80,18.6,"$50,665,000 ",1.54,"$78,024,100 ","2,623,194"
1998,CHW,163,90,27.2,"$39,675,000 ",1.54,"$61,099,500 ","1,391,146"
1998,CIN,162,77,16.7,"$23,005,000 ",1.54,"$35,427,700 ","1,793,649"
1998,CLE,162,89,27.4,"$57,968,166 ",1.54,"$89,270,976 ","3,467,299"
1998,COL,162,77,17.4,"$49,939,648 ",1.54,"$76,907,058 ","3,792,683"
1998,DET,162,65,19.3,"$24,265,000 ",1.54,"$37,368,100 ","1,409,391"
1998,FLA,162,54,10.9,"$34,694,667 ",1.54,"$53,429,787 ","1,750,395"
1998,HOU,162,102,31.6,"$41,845,000 ",1.54,"$64,441,300 ","2,458,451"
1998,KCR,161,72,8.7,"$37,537,500 ",1.54,"$57,807,750 ","1,494,875"
1998,LAA,162,85,11.9,"$41,088,500 ",1.54,"$63,276,290 ","2,519,280"
1998,LAD,162,83,10.1,"$48,310,000 ",1.54,"$74,397,400 ","3,089,222"
1998,MIL,162,74,14.2,"$33,504,012 ",1.54,"$51,596,178 ","1,811,593"
1998,MIN,162,70,1.8,"$28,097,500 ",1.54,"$43,270,150 ","1,165,976"
1998,MON,162,65,12.8,"$10,641,500 ",1.54,"$16,387,910 ","914,909"
1998,NYM,162,88,13.8,"$51,665,499 ",1.54,"$79,564,868 ","2,287,948"
1998,NYY,162,114,39.4,"$66,466,867 ",1.54,"$102,358,975 ","2,955,193"
1998,OAK,162,74,12.9,"$20,907,000 ",1.54,"$32,196,780 ","1,232,343"
1998,PHI,162,75,15.1,"$30,117,500 ",1.54,"$46,380,950 ","1,715,722"
1998,PIT,163,69,3.1,"$14,719,000 ",1.54,"$22,667,260 ","1,560,950"
1998,SDP,162,98,18.1,"$46,286,500 ",1.54,"$71,281,210 ","2,555,874"
1998,SEA,161,76,28.8,"$54,379,536 ",1.54,"$83,744,485 ","2,651,511"
1998,SFG,163,89,30.2,"$41,312,501 ",1.54,"$63,621,252 ","1,925,364"
1998,STL,163,83,24.7,"$54,122,521 ",1.54,"$83,348,682 ","3,195,691"
1998,TBD,162,63,14.2,"$27,080,000 ",1.54,"$41,703,200 ","2,506,023"
1998,TEX,162,88,31.9,"$56,529,595 ",1.54,"$87,055,576 ","2,927,399"
1998,TOR,163,88,23.6,"$51,376,000 ",1.54,"$79,119,040 ","2,454,303"
1999,ARI,162,100,26.9,"$68,303,999 ",1.51,"$103,139,038 ","3,019,654"
1999,ATL,162,103,24.5,"$64,836,000 ",1.51,"$97,902,360 ","3,284,901"
1999,BAL,162,78,32.6,"$80,805,863 ",1.51,"$122,016,853 ","3,432,099"
1999,BOS,162,94,24.4,"$63,897,500 ",1.51,"$96,485,225 ","2,446,162"
1999,CHC,162,75,10,"$61,388,000 ",1.51,"$92,695,880 ","2,813,854"
1999,CHW,162,67,16.3,"$24,970,000 ",1.51,"$37,704,700 ","1,349,151"
1999,CIN,163,96,28.7,"$33,550,761 ",1.51,"$50,661,649 ","2,061,324"
1999,CLE,162,97,35.3,"$73,479,962 ",1.51,"$110,954,743 ","3,468,436"
1999,COL,162,72,1.3,"$58,935,837 ",1.51,"$88,993,114 ","3,235,833"
1999,DET,161,69,17.9,"$36,209,666 ",1.51,"$54,676,596 ","2,026,491"
1999,FLA,162,64,10.9,"$21,085,000 ",1.51,"$31,838,350 ","1,369,421"
1999,HOU,162,97,22.9,"$50,114,000 ",1.51,"$75,672,140 ","2,706,017"
1999,KCR,161,64,25,"$24,035,000 ",1.51,"$36,292,850 ","1,506,068"
1999,LAA,162,70,14.2,"$53,933,166 ",1.51,"$81,439,081 ","2,253,040"
1999,LAD,162,77,20.2,"$80,662,453 ",1.51,"$121,800,304 ","3,098,042"
1999,MIL,161,74,16.5,"$43,377,395 ",1.51,"$65,499,866 ","1,701,790"
1999,MIN,161,63,3.9,"$22,107,500 ",1.51,"$33,382,325 ","1,202,829"
1999,MON,162,68,9.2,"$17,480,500 ",1.51,"$26,395,555 ","772,737"
1999,NYM,163,97,27.5,"$65,727,092 ",1.51,"$99,247,909 ","2,726,008"
1999,NYY,162,98,27,"$86,334,359 ",1.51,"$130,364,882 ","3,293,659"
1999,OAK,162,87,26.7,"$24,421,833 ",1.51,"$36,876,968 ","1,434,632"
1999,PHI,162,77,19.7,"$30,957,500 ",1.51,"$46,745,825 ","1,825,337"
1999,PIT,161,78,14.2,"$23,997,666 ",1.51,"$36,236,476 ","1,638,023"
1999,SDP,162,74,15.4,"$41,851,513 ",1.51,"$63,195,785 ","2,523,538"
1999,SEA,162,79,17.1,"$52,325,003 ",1.51,"$79,010,755 ","2,915,908"
1999,SFG,162,86,22.3,"$46,798,057 ",1.51,"$70,665,066 ","2,078,365"
1999,STL,161,75,13.9,"$49,438,195 ",1.51,"$74,651,674 ","3,235,833"
1999,TBD,162,69,9.4,"$38,660,000 ",1.51,"$58,376,600 ","1,562,827"
1999,TEX,162,95,28.5,"$76,709,931 ",1.51,"$115,831,996 ","2,774,501"
1999,TOR,162,84,26,"$44,869,333 ",1.51,"$67,752,693 ","2,163,486"
2000,ARI,162,85,12.4,"$80,812,833 ",1.46,"$117,986,736 ","2,819,539"
2000,ATL,162,95,24.6,"$75,817,836 ",1.46,"$110,694,041 ","3,234,304"
2000,BAL,162,74,18.7,"$82,147,435 ",1.46,"$119,935,255 ","3,153,397"
2000,BOS,162,85,15.4,"$71,312,833 ",1.46,"$104,116,736 ","2,585,895"
2000,CHC,162,95,14.4,"$60,069,333 ",1.46,"$87,701,226 ","2,789,511"
2000,CHW,162,65,28.3,"$31,308,500 ",1.46,"$45,710,410 ","1,947,799"
2000,CIN,163,85,21.4,"$46,567,200 ",1.46,"$67,988,112 ","2,577,371"
2000,CLE,162,90,30.7,"$76,767,271 ",1.46,"$112,080,216 ","3,456,278"
2000,COL,162,82,20,"$60,811,190 ",1.46,"$88,784,337 ","3,149,117"
2000,DET,162,79,24.5,"$59,205,167 ",1.46,"$86,439,544 ","2,438,617"
2000,FLA,161,79,14.4,"$19,194,000 ",1.46,"$28,023,240 ","1,173,389"
2000,HOU,162,72,17.3,"$51,289,111 ",1.46,"$74,882,102 ","3,020,581"
2000,KCR,162,77,23.6,"$24,700,500 ",1.46,"$36,062,730 ","1,564,847"
2000,LAA,162,82,29.5,"$52,264,167 ",1.46,"$76,305,684 ","2,066,982"
2000,LAD,162,86,21.9,"$87,924,286 ",1.46,"$128,369,458 ","2,880,242"
2000,MIL,163,73,12.9,"$35,633,333 ",1.46,"$52,024,666 ","1,573,621"
2000,MIN,162,69,6.2,"$17,529,500 ",1.46,"$25,593,070 ","1,000,760"
2000,MON,162,67,5.2,"$29,794,333 ",1.46,"$43,499,726 ","926,272"
2000,NYM,162,94,21.6,"$79,509,776 ",1.46,"$116,084,273 ","2,820,530"
2000,NYY,161,87,21.5,"$92,713,260 ",1.46,"$135,361,360 ","3,227,657"
2000,OAK,161,91,25.3,"$33,172,333 ",1.46,"$48,431,606 ","1,728,885"
2000,PHI,162,65,9.5,"$44,308,000 ",1.46,"$64,689,680 ","1,612,769"
2000,PIT,162,69,9.3,"$29,328,334 ",1.46,"$42,819,368 ","1,748,908"
2000,SDP,162,76,13.7,"$47,879,333 ",1.46,"$69,903,826 ","2,423,149"
2000,SEA,162,91,32.9,"$60,295,000 ",1.46,"$88,030,700 ","3,148,317"
2000,SFG,162,97,34.1,"$53,737,826 ",1.46,"$78,457,226 ","3,318,800"
2000,STL,162,95,29.8,"$61,653,863 ",1.46,"$90,014,640 ","3,336,493"
2000,TBD,161,69,10.9,"$53,840,129 ",1.46,"$78,606,588 ","1,479,782"
2000,TEX,162,71,15.8,"$67,770,921 ",1.46,"$98,945,545 ","2,800,075"
2000,TOR,162,83,21.9,"$46,038,332 ",1.46,"$67,215,965 ","1,819,919"
2001,ARI,162,92,21.4,"$76,855,499 ",1.42,"$109,134,809 ","2,735,821"
2001,ATL,162,88,16.9,"$91,291,666 ",1.42,"$129,634,166 ","2,823,530"
2001,BAL,162,63,12.6,"$55,345,500 ",1.42,"$78,590,610 ","3,094,841"
2001,BOS,161,82,15.5,"$109,833,333 ",1.42,"$155,963,333 ","2,625,333"
2001,CHC,162,83,21.6,"$64,715,833 ",1.42,"$91,896,483 ","2,780,465"
2001,CHW,162,88,21.2,"$63,703,667 ",1.42,"$90,459,207 ","1,766,172"
2001,CIN,162,66,7.2,"$48,776,000 ",1.42,"$69,261,920 ","1,879,757"
2001,CLE,162,91,25.9,"$92,527,001 ",1.42,"$131,388,341 ","3,182,523"
2001,COL,162,73,28,"$70,916,334 ",1.42,"$100,701,194 ","3,168,579"
2001,DET,162,66,17.5,"$52,831,167 ",1.42,"$75,020,257 ","1,920,995"
2001,FLA,162,76,18.7,"$28,360,500 ",1.42,"$40,271,910 ","1,261,226"
2001,HOU,162,93,20.9,"$58,312,667 ",1.42,"$82,803,987 ","2,906,277"
2001,KCR,162,65,16.8,"$31,970,000 ",1.42,"$45,397,400 ","1,536,101"
2001,LAA,162,75,20.3,"$33,778,500 ",1.42,"$47,965,470 ","2,001,319"
2001,LAD,162,86,17.4,"$101,272,620 ",1.42,"$143,807,120 ","3,017,143"
2001,MIL,162,68,14,"$43,670,833 ",1.42,"$62,012,583 ","2,811,040"
2001,MIN,162,85,25.9,"$23,895,000 ",1.42,"$33,930,900 ","1,782,926"
2001,MON,162,68,0.4,"$34,934,500 ",1.42,"$49,606,990 ","642,743"
2001,NYM,162,82,10.9,"$92,444,428 ",1.42,"$131,271,088 ","2,658,330"
2001,NYY,161,95,18.3,"$110,181,143 ",1.42,"$156,457,223 ","3,264,552"
2001,OAK,162,102,29.4,"$33,810,750 ",1.42,"$48,011,265 ","2,133,477"
2001,PHI,162,86,22,"$41,663,833 ",1.42,"$59,162,643 ","1,782,054"
2001,PIT,162,62,3.8,"$49,535,833 ",1.42,"$70,340,883 ","2,435,867"
2001,SDP,162,79,18.6,"$39,182,833 ",1.42,"$55,639,623 ","2,378,128"
2001,SEA,162,116,50.3,"$72,745,834 ",1.42,"$103,299,084 ","3,512,326"
2001,SFG,162,90,30,"$61,105,167 ",1.42,"$86,769,337 ","3,311,000"
2001,STL,162,93,27.6,"$74,013,333 ",1.42,"$105,098,933 ","3,109,578"
2001,TBD,162,62,11,"$41,980,000 ",1.42,"$59,611,600 ","1,298,075"
2001,TEX,162,73,26.3,"$87,213,500 ",1.42,"$123,843,170 ","2,831,111"
2001,TOR,162,80,18.1,"$73,695,999 ",1.42,"$104,648,319 ","1,895,236"
2002,ARI,162,98,17.3,"$102,819,999 ",1.39,"$142,919,799 ","3,200,725"
2002,ATL,161,101,22.8,"$90,960,367 ",1.39,"$126,434,910 ","2,603,482"
2002,BAL,162,67,18.5,"$47,704,697 ",1.39,"$66,309,529 ","2,682,917"
2002,BOS,162,93,33.1,"$107,311,060 ",1.39,"$149,162,373 ","2,650,063"
2002,CHC,162,81,12.3,"$75,487,333 ",1.39,"$104,927,393 ","2,693,071"
2002,CHW,162,67,27.8,"$57,052,833 ",1.39,"$79,303,438 ","1,676,804"
2002,CIN,162,78,13,"$44,269,890 ",1.39,"$61,535,147 ","1,855,973"
2002,CLE,162,74,13.7,"$76,903,949 ",1.39,"$106,896,489 ","2,616,940"
2002,COL,162,73,15.1,"$55,201,043 ",1.39,"$76,729,450 ","2,737,918"
2002,DET,161,55,4.8,"$54,830,500 ",1.39,"$76,214,395 ","1,503,623"
2002,FLA,162,79,18.2,"$41,777,917 ",1.39,"$58,071,305 ","813,111"
2002,HOU,162,84,11.2,"$62,698,417 ",1.39,"$87,150,800 ","2,517,407"
2002,KCR,162,62,7.1,"$47,257,000 ",1.39,"$65,687,230 ","1,323,034"
2002,LAA,162,99,36.7,"$61,521,667 ",1.39,"$85,515,117 ","2,305,565"
2002,LAD,162,92,25.4,"$85,228,453 ",1.39,"$118,467,550 ","3,131,077"
2002,MIL,162,56,8.2,"$46,532,833 ",1.39,"$64,680,638 ","1,969,693"
2002,MIN,161,94,24.8,"$40,200,000 ",1.39,"$55,878,000 ","1,924,473"
2002,MON,162,83,16.5,"$38,245,500 ",1.39,"$53,161,245 ","812,537"
2002,NYM,161,75,14.2,"$91,550,260 ",1.39,"$127,254,861 ","2,804,838"
2002,NYY,161,103,28,"$125,498,583 ",1.39,"$174,443,030 ","3,461,644"
2002,OAK,162,103,25.4,"$39,781,167 ",1.39,"$55,295,822 ","2,169,811"
2002,PHI,161,80,28.9,"$55,004,999 ",1.39,"$76,456,949 ","1,618,141"
2002,PIT,161,72,8.3,"$38,321,099 ",1.39,"$53,266,328 ","1,784,993"
2002,SDP,162,66,10.1,"$41,190,000 ",1.39,"$57,254,100 ","2,220,416"
2002,SEA,162,93,28.9,"$80,282,668 ",1.39,"$111,592,909 ","3,540,482"
2002,SFG,162,95,35.3,"$78,299,835 ",1.39,"$108,836,771 ","3,253,205"
2002,STL,162,97,28.9,"$74,260,875 ",1.39,"$103,222,616 ","3,011,756"
2002,TBD,161,55,13.3,"$33,878,000 ",1.39,"$47,090,420 ","1,065,762"
2002,TEX,162,72,22.6,"$103,359,455 ",1.39,"$143,669,642 ","2,352,447"
2002,TOR,162,78,19.2,"$73,064,333 ",1.39,"$101,559,423 ","1,636,904"
2003,ARI,162,84,6.9,"$80,657,000 ",1.36,"$109,693,520 ","2,805,542"
2003,ATL,162,101,36.3,"$103,243,667 ",1.36,"$140,411,387 ","2,401,084"
2003,BAL,163,71,16.7,"$53,547,500 ",1.36,"$72,824,600 ","2,454,523"
2003,BOS,162,95,34.9,"$99,646,500 ",1.36,"$135,519,240 ","2,724,165"
2003,CHC,162,86,12,"$79,258,333 ",1.36,"$107,791,333 ","2,962,630"
2003,CHW,162,88,23,"$51,010,000 ",1.36,"$69,373,600 ","1,939,524"
2003,CIN,162,69,14.7,"$58,965,667 ",1.36,"$80,193,307 ","2,355,259"
2003,CLE,162,68,18.5,"$39,984,834 ",1.36,"$54,379,374 ","1,730,002"
2003,COL,162,74,19.7,"$67,179,667 ",1.36,"$91,364,347 ","2,334,085"
2003,DET,162,43,5.1,"$49,168,000 ",1.36,"$66,868,480 ","1,368,245"
2003,FLA,162,91,18.1,"$49,150,000 ",1.36,"$66,844,000 ","1,303,215"
2003,HOU,162,87,26.6,"$70,730,000 ",1.36,"$96,192,800 ","2,454,241"
2003,KCR,162,83,15,"$40,518,000 ",1.36,"$55,104,480 ","1,779,895"
2003,LAA,162,77,20,"$78,729,167 ",1.36,"$107,071,667 ","3,061,094"
2003,LAD,162,85,10.9,"$105,572,620 ",1.36,"$143,578,763 ","3,138,626"
2003,MIL,162,68,9.1,"$40,322,000 ",1.36,"$54,837,920 ","1,700,354"
2003,MIN,162,90,24.7,"$55,505,000 ",1.36,"$75,486,800 ","1,946,011"
2003,MON,162,83,8,"$47,848,500 ",1.36,"$65,073,960 ","1,025,639"
2003,NYM,161,66,2.4,"$116,876,429 ",1.36,"$158,951,943 ","2,140,599"
2003,NYY,163,101,31.2,"$147,199,814 ",1.36,"$200,191,747 ","3,465,600"
2003,OAK,162,96,19.1,"$50,260,834 ",1.36,"$68,354,734 ","2,216,596"
2003,PHI,162,86,27.8,"$70,460,000 ",1.36,"$95,825,600 ","2,259,948"
2003,PIT,162,75,17.3,"$50,709,929 ",1.36,"$68,965,503 ","1,636,751"
2003,SDP,162,64,19.1,"$45,210,000 ",1.36,"$61,485,600 ","2,030,084"
2003,SEA,162,93,28.9,"$86,659,167 ",1.36,"$117,856,467 ","3,268,509"
2003,SFG,161,100,23.3,"$74,102,167 ",1.36,"$100,778,947 ","3,264,898"
2003,STL,162,85,29.8,"$82,881,666 ",1.36,"$112,719,066 ","2,910,386"
2003,TBD,162,63,20.6,"$19,630,000 ",1.36,"$26,696,800 ","1,058,695"
2003,TEX,162,71,24.5,"$93,125,000 ",1.36,"$126,650,000 ","2,094,394"
2003,TOR,162,86,24.1,"$50,959,000 ",1.36,"$69,304,240 ","1,799,458"
2004,ARI,162,51,-0.5,"$69,450,750 ",1.33,"$92,369,498 ","2,519,560"
2004,ATL,162,96,26.8,"$90,182,500 ",1.33,"$119,942,725 ","2,322,565"
2004,BAL,162,78,24.4,"$43,623,333 ",1.33,"$58,019,033 ","2,744,013"
2004,BOS,162,98,29.8,"$126,694,000 ",1.33,"$168,503,020 ","2,837,304"
2004,CHC,162,83,19.8,"$90,560,000 ",1.33,"$120,444,800 ","3,170,184"
2004,CHW,162,89,25.4,"$65,212,500 ",1.33,"$86,732,625 ","1,930,537"
2004,CIN,162,76,18.7,"$46,315,250 ",1.33,"$61,599,283 ","2,287,250"
2004,CLE,162,80,31.6,"$33,700,800 ",1.33,"$44,822,064 ","1,814,401"
2004,COL,162,68,15.7,"$56,445,167 ",1.33,"$75,072,072 ","2,338,069"
2004,DET,162,72,26.6,"$46,203,000 ",1.33,"$61,449,990 ","1,917,004"
2004,FLA,162,83,18.6,"$41,838,042 ",1.33,"$55,644,596 ","1,723,105"
2004,HOU,162,92,25.1,"$75,397,000 ",1.33,"$100,278,010 ","3,087,872"
2004,KCR,162,58,9.6,"$46,667,500 ",1.33,"$62,067,775 ","1,661,478"
2004,LAA,162,92,24.2,"$100,233,167 ",1.33,"$133,310,112 ","3,375,677"
2004,LAD,162,93,28,"$81,684,334 ",1.33,"$108,640,164 ","3,488,283"
2004,MIL,161,67,6.3,"$27,528,500 ",1.33,"$36,612,905 ","2,062,382"
2004,MIN,162,92,18,"$48,140,000 ",1.33,"$64,026,200 ","1,879,222"
2004,MON,162,67,7.7,"$40,587,500 ",1.33,"$53,981,375 ","748,550"
2004,NYM,162,71,7.6,"$78,844,303 ",1.33,"$104,862,923 ","2,318,321"
2004,NYY,162,101,25.7,"$184,193,950 ",1.33,"$244,977,954 ","3,775,292"
2004,OAK,162,91,22.4,"$59,102,167 ",1.33,"$78,605,882 ","2,201,516"
2004,PHI,162,86,24.5,"$92,619,167 ",1.33,"$123,183,492 ","3,206,532"
2004,PIT,161,72,8.5,"$32,227,929 ",1.33,"$42,863,146 ","1,583,031"
2004,SDP,162,87,26.4,"$55,384,833 ",1.33,"$73,661,828 ","3,040,046"
2004,SEA,162,63,17.9,"$81,215,834 ",1.33,"$108,017,059 ","2,940,731"
2004,SFG,162,91,19.5,"$72,569,166 ",1.33,"$96,516,991 ","3,258,864"
2004,STL,162,105,31.4,"$83,840,333 ",1.33,"$111,507,643 ","3,048,427"
2004,TBD,161,70,16.2,"$29,554,167 ",1.33,"$39,307,042 ","1,275,011"
2004,TEX,162,89,15.4,"$43,183,750 ",1.33,"$57,434,388 ","2,513,685"
2004,TOR,161,67,16.6,"$50,017,000 ",1.33,"$66,522,610 ","1,900,041"
2005,ARI,162,77,15.1,"$62,011,166 ",1.28,"$79,374,292 ","2,059,331"
2005,ATL,162,90,27.8,"$86,457,302 ",1.28,"$110,665,347 ","2,521,534"
2005,BAL,162,74,23.9,"$73,275,833 ",1.28,"$93,793,066 ","2,624,804"
2005,BOS,162,95,30.6,"$123,505,125 ",1.28,"$158,086,560 ","2,813,354"
2005,CHC,162,99,17.8,"$87,032,933 ",1.28,"$111,402,154 ","3,100,262"
2005,CHW,162,79,20,"$74,860,000 ",1.28,"$95,820,800 ","2,342,834"
2005,CIN,163,73,21.6,"$61,552,583 ",1.28,"$78,787,306 ","1,943,157"
2005,CLE,162,93,36.2,"$41,186,000 ",1.28,"$52,718,080 ","1,973,185"
2005,COL,162,67,11.2,"$47,839,000 ",1.28,"$61,233,920 ","1,915,586"
2005,DET,162,71,23.7,"$65,752,500 ",1.28,"$84,163,200 ","2,024,505"
2005,FLA,162,83,14.9,"$60,058,834 ",1.28,"$76,875,308 ","1,823,388"
2005,HOU,163,89,18,"$76,779,000 ",1.28,"$98,277,120 ","2,762,472"
2005,KCR,162,56,2.6,"$33,921,000 ",1.28,"$43,418,880 ","1,371,181"
2005,LAA,162,95,23.5,"$84,400,322 ",1.28,"$108,032,412 ","3,404,686"
2005,LAD,162,71,12.8,"$69,639,000 ",1.28,"$89,137,920 ","3,603,680"
2005,MIL,162,81,16.4,"$39,934,833 ",1.28,"$51,116,586 ","2,211,023"
2005,MIN,162,83,13.2,"$55,540,000 ",1.28,"$71,091,200 ","2,013,453"
2005,MON,162,81,10.4,"$47,937,000 ",1.28,"$61,359,360 ","2,692,123"
2005,NYM,162,83,17.8,"$100,669,321 ",1.28,"$128,856,731 ","2,782,212"
2005,NYY,162,95,26.2,"$208,306,817 ",1.28,"$266,632,726 ","4,090,440"
2005,OAK,162,88,24.4,"$54,025,762 ",1.28,"$69,152,975 ","2,109,298"
2005,PHI,162,88,29.9,"$95,522,000 ",1.28,"$122,268,160 ","2,665,301"
2005,PIT,162,67,15.9,"$37,496,000 ",1.28,"$47,994,880 ","1,794,237"
2005,SDP,162,82,16.3,"$62,623,833 ",1.28,"$80,158,506 ","2,832,039"
2005,SEA,162,69,15.3,"$86,213,334 ",1.28,"$110,353,068 ","2,689,529"
2005,SFG,162,75,6.2,"$90,199,500 ",1.28,"$115,455,360 ","3,140,781"
2005,STL,162,100,29.5,"$91,346,833 ",1.28,"$116,923,946 ","3,491,837"
2005,TBD,162,67,22.1,"$28,666,567 ",1.28,"$36,693,206 ","1,124,189"
2005,TEX,162,79,22,"$54,877,500 ",1.28,"$70,243,200 ","2,486,925"
2005,TOR,162,80,23.7,"$45,719,500 ",1.28,"$58,520,960 ","1,977,949"
2006,ARI,162,76,13.2,"$59,984,226 ",1.24,"$74,380,440 ","2,091,505"
2006,ATL,162,79,21.7,"$74,967,333 ",1.24,"$92,959,493 ","2,549,522"
2006,BAL,162,70,20.5,"$71,646,082 ",1.24,"$88,841,142 ","2,153,250"
2006,BOS,162,86,18.4,"$119,374,824 ",1.24,"$148,024,782 ","2,930,768"
2006,CHC,162,90,10.2,"$90,391,166 ",1.24,"$112,085,046 ","3,123,215"
2006,CHW,162,66,20.3,"$102,750,667 ",1.24,"$127,410,827 ","2,957,414"
2006,CIN,162,80,11.1,"$56,819,519 ",1.24,"$70,456,204 ","2,134,472"
2006,CLE,162,78,26,"$56,031,500 ",1.24,"$69,479,060 ","1,998,070"
2006,COL,162,76,15.8,"$40,232,000 ",1.24,"$49,887,680 ","2,105,995"
2006,DET,162,95,25.8,"$76,282,866 ",1.24,"$94,590,754 ","2,595,937"
2006,FLA,162,78,17.9,"$14,671,500 ",1.24,"$18,192,660 ","1,165,120"
2006,HOU,162,82,17.1,"$81,525,416 ",1.24,"$101,091,516 ","3,022,763"
2006,KCR,162,62,17.9,"$46,959,000 ",1.24,"$58,229,160 ","1,372,684"
2006,LAA,162,89,18.4,"$103,472,000 ",1.24,"$128,305,280 ","3,406,790"
2006,LAD,162,88,19.8,"$98,092,187 ",1.24,"$121,634,312 ","3,758,421"
2006,MIL,162,75,14.5,"$57,568,333 ",1.24,"$71,384,733 ","2,335,643"
2006,MIN,162,96,23.9,"$63,069,006 ",1.24,"$78,205,567 ","2,285,018"
2006,MON,162,71,16.8,"$54,168,000 ",1.24,"$67,168,320 ","2,153,150"
2006,NYM,162,97,26.3,"$101,251,963 ",1.24,"$125,552,434 ","3,379,551"
2006,NYY,162,97,28.5,"$186,663,079 ",1.24,"$231,462,218 ","4,200,518"
2006,OAK,162,93,19.8,"$64,843,079 ",1.24,"$80,405,418 ","1,976,625"
2006,PHI,162,85,21.3,"$87,923,333 ",1.24,"$109,024,933 ","2,701,815"
2006,PIT,162,67,6.9,"$46,063,750 ",1.24,"$57,119,050 ","1,861,549"
2006,SDP,162,88,27.8,"$69,896,141 ",1.24,"$86,671,215 ","2,659,732"
2006,SEA,162,78,23.8,"$87,959,833 ",1.24,"$109,070,193 ","2,480,717"
2006,SFG,161,76,15.8,"$90,056,419 ",1.24,"$111,669,960 ","3,130,304"
2006,STL,161,83,24.2,"$87,356,371 ",1.24,"$108,321,900 ","3,407,104"
2006,TBD,162,61,9.1,"$34,917,967 ",1.24,"$43,298,279 ","1,369,031"
2006,TEX,162,80,22.7,"$67,897,662 ",1.24,"$84,193,101 ","2,388,757"
2006,TOR,162,87,32.9,"$71,365,000 ",1.24,"$88,492,600 ","2,302,182"
2007,ARI,162,90,10.5,"$52,067,546 ",1.21,"$63,001,731 ","2,316,507"
2007,ATL,162,84,28.3,"$71,655,833 ",1.21,"$86,703,558 ","2,745,203"
2007,BAL,162,69,17.6,"$85,650,252 ",1.21,"$103,636,805 ","2,164,822"
2007,BOS,162,96,29,"$133,526,214 ",1.21,"$161,566,719 ","2,970,755"
2007,CHC,162,72,17.3,"$99,287,332 ",1.21,"$120,137,672 ","3,252,462"
2007,CHW,162,85,2.1,"$108,671,833 ",1.21,"$131,492,918 ","2,684,395"
2007,CIN,162,72,11.9,"$68,142,480 ",1.21,"$82,452,401 ","2,056,453"
2007,CLE,162,96,23.1,"$61,289,667 ",1.21,"$74,160,497 ","2,275,911"
2007,COL,163,90,23.3,"$53,541,000 ",1.21,"$64,784,610 ","2,376,250"
2007,DET,162,88,31.8,"$93,085,369 ",1.21,"$112,633,296 ","3,047,124"
2007,FLA,162,71,18.4,"$30,127,000 ",1.21,"$36,453,670 ","1,370,511"
2007,HOU,162,73,8,"$87,379,000 ",1.21,"$105,728,590 ","3,020,405"
2007,KCR,162,69,15.9,"$66,917,500 ",1.21,"$80,970,175 ","1,616,867"
2007,LAA,162,94,21.8,"$108,868,833 ",1.21,"$131,731,288 ","3,365,632"
2007,LAD,162,82,13.5,"$108,059,524 ",1.21,"$130,752,024 ","3,856,753"
2007,MIL,162,83,20.8,"$65,236,500 ",1.21,"$78,936,165 ","2,869,144"
2007,MIN,162,79,19.9,"$70,649,500 ",1.21,"$85,485,895 ","2,296,383"
2007,MON,162,73,10.7,"$30,537,500 ",1.21,"$36,950,375 ","1,961,579"
2007,NYM,162,88,27.5,"$114,947,663 ",1.21,"$139,086,672 ","3,853,955"
2007,NYY,162,94,38.5,"$206,659,045 ",1.21,"$250,057,444 ","4,271,867"
2007,OAK,162,76,25.6,"$79,366,940 ",1.21,"$96,033,997 ","1,921,844"
2007,PHI,162,89,32.7,"$88,668,213 ",1.21,"$107,288,538 ","3,108,331"
2007,PIT,162,68,11.3,"$38,537,833 ",1.21,"$46,630,778 ","1,749,142"
2007,SDP,163,89,18.9,"$57,726,567 ",1.21,"$69,849,146 ","2,790,074"
2007,SEA,162,88,19.9,"$105,080,833 ",1.21,"$127,147,808 ","2,672,409"
2007,SFG,162,71,7.4,"$90,219,056 ",1.21,"$109,165,058 ","3,223,202"
2007,STL,162,78,18.5,"$89,904,823 ",1.21,"$108,784,836 ","3,552,166"
2007,TBD,162,66,19.4,"$24,123,500 ",1.21,"$29,189,435 ","1,389,031"
2007,TEX,162,75,19.2,"$67,937,675 ",1.21,"$82,204,587 ","2,353,862"
2007,TOR,162,83,25.5,"$81,061,300 ",1.21,"$98,084,173 ","2,360,648"
2008,ARI,162,82,7.1,"$66,202,712 ",1.17,"$77,457,173 ","2,509,924"
2008,ATL,162,72,24.1,"$101,975,683 ",1.17,"$119,311,549 ","2,532,834"
2008,BAL,161,68,21.6,"$59,804,580 ",1.17,"$69,971,359 ","1,950,075"
2008,BOS,162,95,30.5,"$125,390,035 ",1.17,"$146,706,341 ","3,048,250"
2008,CHC,163,89,20.7,"$120,345,833 ",1.17,"$140,804,625 ","3,300,200"
2008,CHW,161,97,19.2,"$120,796,832 ",1.17,"$141,332,293 ","2,501,103"
2008,CIN,162,74,8.3,"$69,100,195 ",1.17,"$80,847,228 ","2,058,632"
2008,CLE,162,81,29,"$78,970,066 ",1.17,"$92,394,977 ","2,169,760"
2008,COL,162,74,11.9,"$68,655,500 ",1.17,"$80,326,935 ","2,650,218"
2008,DET,162,74,20.7,"$136,343,696 ",1.17,"$159,522,124 ","3,202,654"
2008,FLA,161,84,18.3,"$19,441,500 ",1.17,"$22,746,555 ","1,335,075"
2008,HOU,161,86,16.5,"$87,556,807 ",1.17,"$102,441,464 ","2,779,287"
2008,KCR,162,75,7.8,"$58,970,500 ",1.17,"$68,995,485 ","1,578,922"
2008,LAA,162,100,19.1,"$109,716,333 ",1.17,"$128,368,110 ","3,336,744"
2008,LAD,162,84,15.2,"$102,578,135 ",1.17,"$120,016,418 ","3,730,553"
2008,MIL,162,90,26,"$76,687,499 ",1.17,"$89,724,374 ","3,068,458"
2008,MIN,163,88,22.1,"$56,932,766 ",1.17,"$66,611,336 ","2,302,431"
2008,MON,161,59,8.2,"$54,511,000 ",1.17,"$63,777,870 ","2,320,400"
2008,NYM,162,89,25,"$129,984,376 ",1.17,"$152,081,720 ","4,042,047"
2008,NYY,162,89,20.8,"$211,496,041 ",1.17,"$247,450,368 ","4,298,655"
2008,OAK,161,75,18.6,"$47,967,126 ",1.17,"$56,121,537 ","1,578,922"
2008,PHI,162,92,28.6,"$94,302,380 ",1.17,"$110,333,785 ","3,422,583"
2008,PIT,162,67,13.7,"$48,286,283 ",1.17,"$56,494,951 ","1,609,076"
2008,SDP,162,63,18.2,"$72,286,416 ",1.17,"$84,575,107 ","2,427,535"
2008,SEA,162,61,17.1,"$117,276,482 ",1.17,"$137,213,484 ","2,329,702"
2008,SFG,162,72,3.7,"$74,094,500 ",1.17,"$86,690,565 ","2,863,837"
2008,STL,162,86,31.7,"$91,476,449 ",1.17,"$107,027,445 ","3,430,660"
2008,TBD,162,97,27.9,"$44,569,897 ",1.17,"$52,146,779 ","1,780,791"
2008,TEX,162,79,31.8,"$67,316,996 ",1.17,"$78,760,885 ","1,945,677"
2008,TOR,162,86,23.5,"$97,390,000 ",1.17,"$113,946,300 ","2,399,786"